"../../../Engine/Plugins/Animation/ACLPlugin/Content/ACLAnimCurveCompressionSettings.uasset" 0
"../../../Engine/Plugins/Animation/ACLPlugin/Content/ACLAnimCurveCompressionSettings.uexp" 1
"../../../Engine/Plugins/Animation/ACLPlugin/Content/ACLAnimBoneCompressionSettings.uasset" 2
"../../../Engine/Plugins/Animation/ACLPlugin/Content/ACLAnimBoneCompressionSettings.uexp" 3
"../../../Engine/Plugins/2D/Paper2D/Content/PlaceholderTextures/DummySpriteTexture.ubulk" 4
"../../../Engine/Plugins/2D/Paper2D/Content/PlaceholderTextures/DummySpriteTexture.uasset" 5
"../../../Engine/Plugins/2D/Paper2D/Content/PlaceholderTextures/DummySpriteTexture.uexp" 6
"../../../Engine/Plugins/2D/Paper2D/Content/DummySprite.uasset" 7
"../../../Engine/Plugins/2D/Paper2D/Content/DummySprite.uexp" 8
"../../../Engine/Plugins/2D/Paper2D/Content/DefaultPaperTerrainMaterial.uasset" 9
"../../../Engine/Plugins/2D/Paper2D/Content/DefaultPaperTerrainMaterial.uexp" 10
"../../../Engine/Content/Animation/DefaultVariableFrameStrippingSettings.uasset" 11
"../../../Engine/Content/Animation/DefaultVariableFrameStrippingSettings.uexp" 12
"../../../Engine/Content/Animation/DefaultRecorderBoneCompression.uasset" 13
"../../../Engine/Content/Animation/DefaultRecorderBoneCompression.uexp" 14
"../../../Engine/Content/EngineSounds/Master.uasset" 15
"../../../Engine/Content/EngineSounds/Master.uexp" 16
"../../../Engine/Content/EngineMaterials/DefaultPhysicalMaterial.uasset" 17
"../../../Engine/Content/EngineMaterials/DefaultPhysicalMaterial.uexp" 18
"../../../Engine/Content/EngineMaterials/DefaultDestructiblePhysicalMaterial.uasset" 19
"../../../Engine/Content/EngineMaterials/DefaultDestructiblePhysicalMaterial.uexp" 20
"../../../Engine/Content/EngineFonts/Faces/DroidSansFallback.uexp" 21
"../../../Engine/Content/EngineFonts/Faces/DroidSansFallback.uasset" 22
"../../../Engine/Content/EngineFonts/Faces/DroidSansFallback.ufont" 23
"../../../Engine/Content/EngineFonts/Faces/RobotoRegular.uexp" 24
"../../../Engine/Content/EngineFonts/Faces/RobotoRegular.uasset" 25
"../../../Engine/Content/EngineFonts/Faces/RobotoRegular.ufont" 26
"../../../Engine/Content/EngineFonts/Faces/RobotoLight.uexp" 27
"../../../Engine/Content/EngineFonts/Faces/RobotoLight.uasset" 28
"../../../Engine/Content/EngineFonts/Faces/RobotoLight.ufont" 29
"../../../Engine/Content/EngineFonts/Faces/RobotoItalic.uexp" 30
"../../../Engine/Content/EngineFonts/Faces/RobotoItalic.uasset" 31
"../../../Engine/Content/EngineFonts/Faces/RobotoItalic.ufont" 32
"../../../Engine/Content/EngineFonts/Faces/RobotoBoldItalic.uexp" 33
"../../../Engine/Content/EngineFonts/Faces/RobotoBoldItalic.uasset" 34
"../../../Engine/Content/EngineFonts/Faces/RobotoBoldItalic.ufont" 35
"../../../Engine/Content/EngineFonts/Faces/RobotoBold.uexp" 36
"../../../Engine/Content/EngineFonts/Faces/RobotoBold.uasset" 37
"../../../Engine/Content/EngineFonts/Faces/RobotoBold.ufont" 38
"../../../Engine/Content/EngineFonts/Roboto.uasset" 39
"../../../Engine/Content/EngineFonts/Roboto.uexp" 40
"../../../Engine/Content/EngineFonts/Faces/DroidSansMono.uexp" 41
"../../../Engine/Content/EngineFonts/Faces/DroidSansMono.uasset" 42
"../../../Engine/Content/EngineFonts/Faces/DroidSansMono.ufont" 43
"../../../Engine/Content/EngineFonts/DroidSansMono.uasset" 44
"../../../Engine/Content/EngineFonts/DroidSansMono.uexp" 45
"../../../Engine/Plugins/Interchange/Runtime/Content/Pipelines/DefaultTexturePipeline.uasset" 46
"../../../Engine/Plugins/Interchange/Runtime/Content/Pipelines/DefaultTexturePipeline.uexp" 47
"../../../Engine/Plugins/Interchange/Runtime/Content/Pipelines/DefaultSceneLevelPipeline.uasset" 48
"../../../Engine/Plugins/Interchange/Runtime/Content/Pipelines/DefaultSceneLevelPipeline.uexp" 49
"../../../Engine/Plugins/Interchange/Runtime/Content/Pipelines/DefaultSceneAssetsPipeline.uasset" 50
"../../../Engine/Plugins/Interchange/Runtime/Content/Pipelines/DefaultSceneAssetsPipeline.uexp" 51
"../../../Engine/Plugins/Interchange/Runtime/Content/Pipelines/DefaultMaterialXPipeline.uasset" 52
"../../../Engine/Plugins/Interchange/Runtime/Content/Pipelines/DefaultMaterialXPipeline.uexp" 53
"../../../Engine/Plugins/Interchange/Runtime/Content/Pipelines/DefaultMaterialPipeline.uasset" 54
"../../../Engine/Plugins/Interchange/Runtime/Content/Pipelines/DefaultMaterialPipeline.uexp" 55
"../../../Engine/Plugins/Interchange/Runtime/Content/Pipelines/DefaultGLTFSceneAssetsPipeline.uasset" 56
"../../../Engine/Plugins/Interchange/Runtime/Content/Pipelines/DefaultGLTFSceneAssetsPipeline.uexp" 57
"../../../Engine/Plugins/Interchange/Runtime/Content/Pipelines/DefaultGLTFPipeline.uasset" 58
"../../../Engine/Plugins/Interchange/Runtime/Content/Pipelines/DefaultGLTFPipeline.uexp" 59
"../../../Engine/Plugins/Interchange/Runtime/Content/Pipelines/DefaultGLTFAssetsPipeline.uasset" 60
"../../../Engine/Plugins/Interchange/Runtime/Content/Pipelines/DefaultGLTFAssetsPipeline.uexp" 61
"../../../Engine/Plugins/Interchange/Runtime/Content/Pipelines/DefaultAssetsPipeline.uasset" 62
"../../../Engine/Plugins/Interchange/Runtime/Content/Pipelines/DefaultAssetsPipeline.uexp" 63
"../../../Engine/Plugins/Animation/ControlRig/Content/Controls/DefaultGizmoLibraryNormalized.uasset" 64
"../../../Engine/Plugins/Animation/ControlRig/Content/Controls/DefaultGizmoLibraryNormalized.uexp" 65
"../../../Engine/Content/MobileResources/HUD/VirtualJoystick_Thumb.uasset" 66
"../../../Engine/Content/MobileResources/HUD/VirtualJoystick_Thumb.uexp" 67
"../../../Engine/Content/MobileResources/HUD/VirtualJoystick_Background.uasset" 68
"../../../Engine/Content/MobileResources/HUD/VirtualJoystick_Background.uexp" 69
"../../../Engine/Content/MobileResources/HUD/DefaultVirtualJoysticks.uasset" 70
"../../../Engine/Content/MobileResources/HUD/DefaultVirtualJoysticks.uexp" 71
"../../../Engine/Content/EngineResources/GradientTexture0.uasset" 72
"../../../Engine/Content/EngineResources/GradientTexture0.uexp" 73
"../../../Engine/Content/EngineResources/Black.uasset" 74
"../../../Engine/Content/EngineResources/Black.uexp" 75
"../../../Engine/Content/EditorResources/S_Actor.ubulk" 76
"../../../Engine/Content/EditorResources/S_Actor.uasset" 77
"../../../Engine/Content/EditorResources/S_Actor.uexp" 78
"../../../Engine/Plugins/NNE/NNEDenoiser/Content/NNEDTOM_Output_Default.uasset" 79
"../../../Engine/Plugins/NNE/NNEDenoiser/Content/NNEDTOM_Output_Default.uexp" 80
"../../../Engine/Plugins/NNE/NNEDenoiser/Content/NNEDTOM_Output_Alpha.uasset" 81
"../../../Engine/Plugins/NNE/NNEDenoiser/Content/NNEDTOM_Output_Alpha.uexp" 82
"../../../Engine/Plugins/NNE/NNEDenoiser/Content/NNEDTIM_ColorAlbedoNormal_Default.uasset" 83
"../../../Engine/Plugins/NNE/NNEDenoiser/Content/NNEDTIM_ColorAlbedoNormal_Default.uexp" 84
"../../../Engine/Plugins/NNE/NNEDenoiser/Content/NNEDTIM_ColorAlbedoNormal_Alpha.uasset" 85
"../../../Engine/Plugins/NNE/NNEDenoiser/Content/NNEDTIM_ColorAlbedoNormal_Alpha.uexp" 86
"../../../Engine/Plugins/NNE/NNEDenoiser/Content/NNEDOM_Output_Default.uasset" 87
"../../../Engine/Plugins/NNE/NNEDenoiser/Content/NNEDOM_Output_Default.uexp" 88
"../../../Engine/Plugins/NNE/NNEDenoiser/Content/NNEDOM_Output_Alpha.uasset" 89
"../../../Engine/Plugins/NNE/NNEDenoiser/Content/NNEDOM_Output_Alpha.uexp" 90
"../../../Engine/Plugins/NNE/NNEDenoiser/Content/NNEDIM_HighQuality_Default.uasset" 91
"../../../Engine/Plugins/NNE/NNEDenoiser/Content/NNEDIM_HighQuality_Default.uexp" 92
"../../../Engine/Plugins/NNE/NNEDenoiser/Content/NNEDIM_HighQuality_Alpha.uasset" 93
"../../../Engine/Plugins/NNE/NNEDenoiser/Content/NNEDIM_HighQuality_Alpha.uexp" 94
"../../../Engine/Plugins/NNE/NNEDenoiser/Content/NNEDIM_ColorAlbedoNormal_Default.uasset" 95
"../../../Engine/Plugins/NNE/NNEDenoiser/Content/NNEDIM_ColorAlbedoNormal_Default.uexp" 96
"../../../Engine/Plugins/NNE/NNEDenoiser/Content/NNEDIM_ColorAlbedoNormal_Alpha.uasset" 97
"../../../Engine/Plugins/NNE/NNEDenoiser/Content/NNEDIM_ColorAlbedoNormal_Alpha.uexp" 98
"../../../Engine/Content/Functions/Engine_MaterialFunctions02/WorldPositionOffset/CameraOffset.uasset" 99
"../../../Engine/Content/Functions/Engine_MaterialFunctions02/WorldPositionOffset/CameraOffset.uexp" 100
"../../../Engine/Plugins/Animation/ControlRig/Content/M_Manip.uasset" 101
"../../../Engine/Plugins/Animation/ControlRig/Content/M_Manip.uexp" 102
"../../../Engine/Content/EditorMaterials/PreviewShadowIndicator.ubulk" 103
"../../../Engine/Content/EditorMaterials/PreviewShadowIndicator.uasset" 104
"../../../Engine/Content/EditorMaterials/PreviewShadowIndicator.uexp" 105
"../../../Engine/Content/EditorMaterials/PreviewShadowIndicatorMaterial.uasset" 106
"../../../Engine/Content/EditorMaterials/PreviewShadowIndicatorMaterial.uexp" 107
"../../../Engine/Content/EditorMaterials/PhAT_UnselectedMaterial.uasset" 108
"../../../Engine/Content/EditorMaterials/PhAT_UnselectedMaterial.uexp" 109
"../../../Engine/Content/EditorMaterials/PhAT_NoCollisionMaterial.uasset" 110
"../../../Engine/Content/EditorMaterials/PhAT_NoCollisionMaterial.uexp" 111
"../../../Engine/Content/EditorLandscapeResources/WhiteSquareTexture.uasset" 112
"../../../Engine/Content/EditorLandscapeResources/WhiteSquareTexture.uexp" 113
"../../../Engine/Content/EditorLandscapeResources/LayerVisMaterial.uasset" 114
"../../../Engine/Content/EditorLandscapeResources/LayerVisMaterial.uexp" 115
"../../../Engine/Content/Functions/Engine_MaterialFunctions02/WorldPositionOffset/LocalPosition.uasset" 116
"../../../Engine/Content/Functions/Engine_MaterialFunctions02/WorldPositionOffset/LocalPosition.uexp" 117
"../../../Engine/Content/Functions/Engine_MaterialFunctions02/Utility/BreakOutFloat2Components.uasset" 118
"../../../Engine/Content/Functions/Engine_MaterialFunctions02/Utility/BreakOutFloat2Components.uexp" 119
"../../../Engine/Content/Functions/Engine_MaterialFunctions01/Texturing/ScaleUVsByCenter.uasset" 120
"../../../Engine/Content/Functions/Engine_MaterialFunctions01/Texturing/ScaleUVsByCenter.uexp" 121
"../../../Engine/Content/EngineMaterials/DefaultDiffuse.ubulk" 122
"../../../Engine/Content/EngineMaterials/DefaultDiffuse.uasset" 123
"../../../Engine/Content/EngineMaterials/DefaultDiffuse.uexp" 124
"../../../Engine/Content/Functions/Engine_MaterialFunctions01/Texturing/TextureCropping.uasset" 125
"../../../Engine/Content/Functions/Engine_MaterialFunctions01/Texturing/TextureCropping.uexp" 126
"../../../Engine/Content/Functions/Engine_MaterialFunctions02/ExampleContent/DebugNumberStrip.uasset" 127
"../../../Engine/Content/Functions/Engine_MaterialFunctions02/ExampleContent/DebugNumberStrip.uexp" 128
"../../../Engine/Content/Functions/Engine_MaterialFunctions01/Debug/DebugIntValues.uasset" 129
"../../../Engine/Content/Functions/Engine_MaterialFunctions01/Debug/DebugIntValues.uexp" 130
"../../../Engine/Content/EditorLandscapeResources/LandscapeLayerUsageMaterial.uasset" 131
"../../../Engine/Content/EditorLandscapeResources/LandscapeLayerUsageMaterial.uexp" 132
"../../../Engine/Content/EditorLandscapeResources/DefaultAlphaTexture.uasset" 133
"../../../Engine/Content/EditorLandscapeResources/DefaultAlphaTexture.uexp" 134
"../../../Engine/Content/EditorLandscapeResources/LandscapeDirtyMaterial.uasset" 135
"../../../Engine/Content/EditorLandscapeResources/LandscapeDirtyMaterial.uexp" 136
"../../../Engine/Content/EngineResources/DefaultTexture.ubulk" 137
"../../../Engine/Content/EngineResources/DefaultTexture.uasset" 138
"../../../Engine/Content/EngineResources/DefaultTexture.uexp" 139
"../../../Engine/Content/EngineMaterials/RemoveSurfaceMaterial.uasset" 140
"../../../Engine/Content/EngineMaterials/RemoveSurfaceMaterial.uexp" 141
"../../../Engine/Content/EngineMaterials/PreintegratedSkinBRDF.uasset" 142
"../../../Engine/Content/EngineMaterials/PreintegratedSkinBRDF.uexp" 143
"../../../Engine/Content/EngineMaterials/DefaultCalibrationGrayscale.uasset" 144
"../../../Engine/Content/EngineMaterials/DefaultCalibrationGrayscale.uexp" 145
"../../../Engine/Content/EngineMaterials/PPM_DefaultCalibrationGrayscale.uasset" 146
"../../../Engine/Content/EngineMaterials/PPM_DefaultCalibrationGrayscale.uexp" 147
"../../../Engine/Content/EngineMaterials/DefaultCalibrationColor.uasset" 148
"../../../Engine/Content/EngineMaterials/DefaultCalibrationColor.uexp" 149
"../../../Engine/Content/EngineMaterials/PPM_DefaultCalibrationColor.uasset" 150
"../../../Engine/Content/EngineMaterials/PPM_DefaultCalibrationColor.uexp" 151
"../../../Engine/Content/EngineMaterials/PhAT_JointLimitMaterial.uasset" 152
"../../../Engine/Content/EngineMaterials/PhAT_JointLimitMaterial.uexp" 153
"../../../Engine/Content/EngineMaterials/NaniteHiddenSectionMaterial.uasset" 154
"../../../Engine/Content/EngineMaterials/NaniteHiddenSectionMaterial.uexp" 155
"../../../Engine/Content/EngineMaterials/InvalidLightmapSettings.ubulk" 156
"../../../Engine/Content/EngineMaterials/InvalidLightmapSettings.uasset" 157
"../../../Engine/Content/EngineMaterials/InvalidLightmapSettings.uexp" 158
"../../../Engine/Content/EngineMaterials/M_InvalidLightmapSettings.uasset" 159
"../../../Engine/Content/EngineMaterials/M_InvalidLightmapSettings.uexp" 160
"../../../Engine/Content/EngineMaterials/MiniFont.uasset" 161
"../../../Engine/Content/EngineMaterials/MiniFont.uexp" 162
"../../../Engine/Content/EngineMaterials/GizmoMaterial.uasset" 163
"../../../Engine/Content/EngineMaterials/GizmoMaterial.uexp" 164
"../../../Engine/Content/EngineMaterials/Black_1x1_EXR_Texture_VT.ubulk" 165
"../../../Engine/Content/EngineMaterials/Black_1x1_EXR_Texture_VT.uasset" 166
"../../../Engine/Content/EngineMaterials/Black_1x1_EXR_Texture_VT.uexp" 167
"../../../Engine/Content/EngineMaterials/BaseFlattenNormalMap_VT.ubulk" 168
"../../../Engine/Content/EngineMaterials/BaseFlattenNormalMap_VT.uasset" 169
"../../../Engine/Content/EngineMaterials/BaseFlattenNormalMap_VT.uexp" 170
"../../../Engine/Content/EngineMaterials/BaseFlattenLinearColor_VT.ubulk" 171
"../../../Engine/Content/EngineMaterials/BaseFlattenLinearColor_VT.uasset" 172
"../../../Engine/Content/EngineMaterials/BaseFlattenLinearColor_VT.uexp" 173
"../../../Engine/Content/EngineMaterials/BaseFlattenGrayscaleMap_VT.ubulk" 174
"../../../Engine/Content/EngineMaterials/BaseFlattenGrayscaleMap_VT.uasset" 175
"../../../Engine/Content/EngineMaterials/BaseFlattenGrayscaleMap_VT.uexp" 176
"../../../Engine/Content/EngineMaterials/BaseFlattenDiffuseMap_VT.ubulk" 177
"../../../Engine/Content/EngineMaterials/BaseFlattenDiffuseMap_VT.uasset" 178
"../../../Engine/Content/EngineMaterials/BaseFlattenDiffuseMap_VT.uexp" 179
"../../../Engine/Content/EngineMaterials/BaseFlattenEmissiveMap_VT.ubulk" 180
"../../../Engine/Content/EngineMaterials/BaseFlattenEmissiveMap_VT.uasset" 181
"../../../Engine/Content/EngineMaterials/BaseFlattenEmissiveMap_VT.uexp" 182
"../../../Engine/Content/EngineMaterials/FlattenMaterial_WS_Normal_VT.uasset" 183
"../../../Engine/Content/EngineMaterials/FlattenMaterial_WS_Normal_VT.uexp" 184
"../../../Engine/Content/EngineMaterials/FlattenMaterial_VT.uasset" 185
"../../../Engine/Content/EngineMaterials/FlattenMaterial_VT.uexp" 186
"../../../Engine/Content/EngineMaterials/BaseFlattenLinearColor.uasset" 187
"../../../Engine/Content/EngineMaterials/BaseFlattenLinearColor.uexp" 188
"../../../Engine/Content/EngineMaterials/BaseFlattenNormalMap.uasset" 189
"../../../Engine/Content/EngineMaterials/BaseFlattenNormalMap.uexp" 190
"../../../Engine/Content/Functions/Engine_MaterialFunctions02/PivotPainter2/Black_1x1_EXR_Texture.uasset" 191
"../../../Engine/Content/Functions/Engine_MaterialFunctions02/PivotPainter2/Black_1x1_EXR_Texture.uexp" 192
"../../../Engine/Content/EngineMaterials/BaseFlattenGrayscaleMap.uasset" 193
"../../../Engine/Content/EngineMaterials/BaseFlattenGrayscaleMap.uexp" 194
"../../../Engine/Content/EngineMaterials/BaseFlattenDiffuseMap.uasset" 195
"../../../Engine/Content/EngineMaterials/BaseFlattenDiffuseMap.uexp" 196
"../../../Engine/Content/EngineMaterials/BaseFlattenEmissiveMap.uasset" 197
"../../../Engine/Content/EngineMaterials/BaseFlattenEmissiveMap.uexp" 198
"../../../Engine/Content/EngineMaterials/FlattenMaterial.uasset" 199
"../../../Engine/Content/EngineMaterials/FlattenMaterial.uexp" 200
"../../../Engine/Content/EngineMaterials/FastBlueNoise_vec2_128x128x64.uasset" 201
"../../../Engine/Content/EngineMaterials/FastBlueNoise_vec2_128x128x64.uexp" 202
"../../../Engine/Content/EngineMaterials/FastBlueNoise_scalar_128x128x8.uasset" 203
"../../../Engine/Content/EngineMaterials/FastBlueNoise_scalar_128x128x8.uexp" 204
"../../../Engine/Content/EngineMaterials/FastBlueNoise_scalar_128x128x64.uasset" 205
"../../../Engine/Content/EngineMaterials/FastBlueNoise_scalar_128x128x64.uexp" 206
"../../../Engine/Content/EngineMaterials/DefaultWhiteGrid_Low.uasset" 207
"../../../Engine/Content/EngineMaterials/DefaultWhiteGrid_Low.uexp" 208
"../../../Engine/Content/EngineMaterials/EmissiveMeshMaterial.uasset" 209
"../../../Engine/Content/EngineMaterials/EmissiveMeshMaterial.uexp" 210
"../../../Engine/Content/EngineMaterials/DefaultWhiteGrid.ubulk" 211
"../../../Engine/Content/EngineMaterials/DefaultWhiteGrid.uasset" 212
"../../../Engine/Content/EngineMaterials/DefaultWhiteGrid.uexp" 213
"../../../Engine/Content/EngineFonts/RobotoDistanceField.uasset" 214
"../../../Engine/Content/EngineFonts/RobotoDistanceField.uexp" 215
"../../../Engine/Content/EngineMaterials/DefaultTextMaterialOpaque.uasset" 216
"../../../Engine/Content/EngineMaterials/DefaultTextMaterialOpaque.uexp" 217
"../../../Engine/Content/EngineMaterials/DefaultPostProcessMaterial.uasset" 218
"../../../Engine/Content/EngineMaterials/DefaultPostProcessMaterial.uexp" 219
"../../../Engine/Content/EngineMaterials/DefaultLightFunctionMaterial.uasset" 220
"../../../Engine/Content/EngineMaterials/DefaultLightFunctionMaterial.uexp" 221
"../../../Engine/Content/EngineMaterials/DefaultDeferredDecalMaterial.uasset" 222
"../../../Engine/Content/EngineMaterials/DefaultDeferredDecalMaterial.uexp" 223
"../../../Engine/Content/EngineMaterials/DefaultBokeh.uasset" 224
"../../../Engine/Content/EngineMaterials/DefaultBokeh.uexp" 225
"../../../Engine/Content/EngineMaterials/DefaultBloomKernel.uasset" 226
"../../../Engine/Content/EngineMaterials/DefaultBloomKernel.uexp" 227
"../../../Engine/Content/Functions/Engine_MaterialFunctions02/Utility/CameraDirectionVector.uasset" 228
"../../../Engine/Content/Functions/Engine_MaterialFunctions02/Utility/CameraDirectionVector.uexp" 229
"../../../Engine/Content/EngineDebugMaterials/VolumeToRender.uasset" 230
"../../../Engine/Content/EngineDebugMaterials/VolumeToRender.uexp" 231
"../../../Engine/Content/EngineDebugMaterials/M_VolumeRenderSphereTracePP.uasset" 232
"../../../Engine/Content/EngineDebugMaterials/M_VolumeRenderSphereTracePP.uexp" 233
"../../../Engine/Content/EngineDebugMaterials/M_SimpleUnlitTranslucent.uasset" 234
"../../../Engine/Content/EngineDebugMaterials/M_SimpleUnlitTranslucent.uexp" 235
"../../../Engine/Content/EngineDebugMaterials/DebugMeshMaterial.uasset" 236
"../../../Engine/Content/EngineDebugMaterials/DebugMeshMaterial.uexp" 237
"../../../Engine/Content/EngineDebugMaterials/DebugEditorMaterial.uasset" 238
"../../../Engine/Content/EngineDebugMaterials/DebugEditorMaterial.uexp" 239
"../../../Engine/Content/EngineDamageTypes/DmgTypeBP_Environmental.uasset" 240
"../../../Engine/Content/EngineDamageTypes/DmgTypeBP_Environmental.uexp" 241
"../../../Engine/Content/EditorResources/S_TriggerSphere.uasset" 242
"../../../Engine/Content/EditorResources/S_TriggerSphere.uexp" 243
"../../../Engine/Content/EditorResources/S_TriggerCapsule.uasset" 244
"../../../Engine/Content/EditorResources/S_TriggerCapsule.uexp" 245
"../../../Engine/Content/EditorResources/S_TriggerBox.uasset" 246
"../../../Engine/Content/EditorResources/S_TriggerBox.uexp" 247
"../../../Engine/Content/EditorResources/S_Trigger.ubulk" 248
"../../../Engine/Content/EditorResources/S_Trigger.uasset" 249
"../../../Engine/Content/EditorResources/S_Trigger.uexp" 250
"../../../Engine/Content/EditorResources/S_Terrain.ubulk" 251
"../../../Engine/Content/EditorResources/S_Terrain.uasset" 252
"../../../Engine/Content/EditorResources/S_Terrain.uexp" 253
"../../../Engine/Content/EditorResources/S_Solver.ubulk" 254
"../../../Engine/Content/EditorResources/S_Solver.uasset" 255
"../../../Engine/Content/EditorResources/S_Solver.uexp" 256
"../../../Engine/Content/EditorResources/S_BoxReflectionCapture.uasset" 257
"../../../Engine/Content/EditorResources/S_BoxReflectionCapture.uexp" 258
"../../../Engine/Content/EditorResources/BSPVertex.uasset" 259
"../../../Engine/Content/EditorResources/BSPVertex.uexp" 260
"../../../Engine/Plugins/VirtualProduction/CameraCalibrationCore/Content/Materials/M_DefaultOddSquare.uasset" 261
"../../../Engine/Plugins/VirtualProduction/CameraCalibrationCore/Content/Materials/M_DefaultOddSquare.uexp" 262
"../../../Engine/Plugins/VirtualProduction/CameraCalibrationCore/Content/Materials/M_DefaultEvenSquare.uasset" 263
"../../../Engine/Plugins/VirtualProduction/CameraCalibrationCore/Content/Materials/M_DefaultEvenSquare.uexp" 264
"../../../Engine/Plugins/Runtime/HairStrands/Content/Materials/HairMeshesDefaultMaterial.uasset" 265
"../../../Engine/Plugins/Runtime/HairStrands/Content/Materials/HairMeshesDefaultMaterial.uexp" 266
"../../../Engine/Plugins/Runtime/HairStrands/Content/Materials/HairDefaultMaterial.uasset" 267
"../../../Engine/Plugins/Runtime/HairStrands/Content/Materials/HairDefaultMaterial.uexp" 268
"../../../Engine/Content/Functions/Engine_MaterialFunctions02/Utility/MakeFloat2.uasset" 269
"../../../Engine/Content/Functions/Engine_MaterialFunctions02/Utility/MakeFloat2.uexp" 270
"../../../Engine/Content/Functions/Engine_MaterialFunctions02/Utility/MakeFloat3.uasset" 271
"../../../Engine/Content/Functions/Engine_MaterialFunctions02/Utility/MakeFloat3.uexp" 272
"../../../Engine/Plugins/Runtime/HairStrands/Content/Materials/HairGroupColors.uasset" 273
"../../../Engine/Plugins/Runtime/HairStrands/Content/Materials/HairGroupColors.uexp" 274
"../../../Engine/Content/EngineMaterials/HairDebugColor.uasset" 275
"../../../Engine/Content/EngineMaterials/HairDebugColor.uexp" 276
"../../../Engine/Content/EngineMaterials/HairColorMap.uasset" 277
"../../../Engine/Content/EngineMaterials/HairColorMap.uexp" 278
"../../../Engine/Plugins/Runtime/HairStrands/Content/Materials/HairDebugMaterial.uasset" 279
"../../../Engine/Plugins/Runtime/HairStrands/Content/Materials/HairDebugMaterial.uexp" 280
"../../../Engine/Plugins/Runtime/HairStrands/Content/Materials/HairCardsDefaultMaterial.uasset" 281
"../../../Engine/Plugins/Runtime/HairStrands/Content/Materials/HairCardsDefaultMaterial.uexp" 282
"../../../Engine/Plugins/Runtime/AudioWidgets/Content/Resources/ScrubHandleDown_Clamped.uasset" 283
"../../../Engine/Plugins/Runtime/AudioWidgets/Content/Resources/ScrubHandleDown_Clamped.uexp" 284
"../../../Engine/Plugins/Interchange/Assets/Content/Functions/MX_UsdPreviewSurface.uasset" 285
"../../../Engine/Plugins/Interchange/Assets/Content/Functions/MX_UsdPreviewSurface.uexp" 286
"../../../Engine/Plugins/Interchange/Assets/Content/Functions/MX_UniformEDF.uasset" 287
"../../../Engine/Plugins/Interchange/Assets/Content/Functions/MX_UniformEDF.uexp" 288
"../../../Engine/Plugins/Interchange/Assets/Content/Functions/MX_TranslucentBSDF.uasset" 289
"../../../Engine/Plugins/Interchange/Assets/Content/Functions/MX_TranslucentBSDF.uexp" 290
"../../../Engine/Plugins/Interchange/Assets/Content/Functions/MX_ThinFilmBSDF.uasset" 291
"../../../Engine/Plugins/Interchange/Assets/Content/Functions/MX_ThinFilmBSDF.uexp" 292
"../../../Engine/Plugins/Interchange/Assets/Content/Functions/MX_SurfaceUnlit.uasset" 293
"../../../Engine/Plugins/Interchange/Assets/Content/Functions/MX_SurfaceUnlit.uexp" 294
"../../../Engine/Plugins/Interchange/Assets/Content/Functions/MX_Surface.uasset" 295
"../../../Engine/Plugins/Interchange/Assets/Content/Functions/MX_Surface.uexp" 296
"../../../Engine/Plugins/Interchange/Assets/Content/Functions/MX_SubsurfaceBSDF.uasset" 297
"../../../Engine/Plugins/Interchange/Assets/Content/Functions/MX_SubsurfaceBSDF.uexp" 298
"../../../Engine/Plugins/Interchange/Assets/Content/Functions/MX_SheenBSDF.uasset" 299
"../../../Engine/Plugins/Interchange/Assets/Content/Functions/MX_SheenBSDF.uexp" 300
"../../../Engine/Plugins/Interchange/Assets/Content/Functions/MX_OrenNayarBSDF.uasset" 301
"../../../Engine/Plugins/Interchange/Assets/Content/Functions/MX_OrenNayarBSDF.uexp" 302
"../../../Engine/Plugins/Interchange/Assets/Content/Functions/MF_IridescenceNoLUT.uasset" 303
"../../../Engine/Plugins/Interchange/Assets/Content/Functions/MF_IridescenceNoLUT.uexp" 304
"../../../Engine/Plugins/Interchange/Assets/Content/Functions/MX_StandardSurface.uasset" 305
"../../../Engine/Plugins/Interchange/Assets/Content/Functions/MX_StandardSurface.uexp" 306
"../../../Engine/Plugins/Interchange/Assets/Content/Functions/MX_TransmissionSurface.uasset" 307
"../../../Engine/Plugins/Interchange/Assets/Content/Functions/MX_TransmissionSurface.uexp" 308
"../../../Engine/Plugins/Interchange/Assets/Content/Functions/MX_OpenPBR_Translucent.uasset" 309
"../../../Engine/Plugins/Interchange/Assets/Content/Functions/MX_OpenPBR_Translucent.uexp" 310
"../../../Engine/Plugins/Interchange/Assets/Content/Functions/MX_OpenPBR_Opaque.uasset" 311
"../../../Engine/Plugins/Interchange/Assets/Content/Functions/MX_OpenPBR_Opaque.uexp" 312
"../../../Engine/Plugins/Interchange/Assets/Content/Functions/MX_MeasuredEDF.uasset" 313
"../../../Engine/Plugins/Interchange/Assets/Content/Functions/MX_MeasuredEDF.uexp" 314
"../../../Engine/Plugins/Interchange/Assets/Content/Functions/MX_GeneralizedSchlickBSDF.uasset" 315
"../../../Engine/Plugins/Interchange/Assets/Content/Functions/MX_GeneralizedSchlickBSDF.uexp" 316
"../../../Engine/Plugins/Interchange/Assets/Content/Functions/MX_Displacement.uasset" 317
"../../../Engine/Plugins/Interchange/Assets/Content/Functions/MX_Displacement.uexp" 318
"../../../Engine/Plugins/Interchange/Assets/Content/Functions/MX_DielectricBSDF.uasset" 319
"../../../Engine/Plugins/Interchange/Assets/Content/Functions/MX_DielectricBSDF.uexp" 320
"../../../Engine/Plugins/Interchange/Assets/Content/Functions/MX_ConicalEDF.uasset" 321
"../../../Engine/Plugins/Interchange/Assets/Content/Functions/MX_ConicalEDF.uexp" 322
"../../../Engine/Plugins/Interchange/Assets/Content/Functions/MX_ConductorBSDF.uasset" 323
"../../../Engine/Plugins/Interchange/Assets/Content/Functions/MX_ConductorBSDF.uexp" 324
"../../../Engine/Plugins/Interchange/Assets/Content/Functions/MX_BurleyDiffuseBSDF.uasset" 325
"../../../Engine/Plugins/Interchange/Assets/Content/Functions/MX_BurleyDiffuseBSDF.uexp" 326
"../../../Engine/Plugins/Interchange/Assets/Content/Functions/MX_AnisotropicVDF.uasset" 327
"../../../Engine/Plugins/Interchange/Assets/Content/Functions/MX_AnisotropicVDF.uexp" 328
"../../../Engine/Plugins/Interchange/Assets/Content/Functions/MX_AbsorptionVDF.uasset" 329
"../../../Engine/Plugins/Interchange/Assets/Content/Functions/MX_AbsorptionVDF.uexp" 330
"../../../Engine/Content/Functions/Engine_MaterialFunctions02/Utility/VectorLength.uasset" 331
"../../../Engine/Content/Functions/Engine_MaterialFunctions02/Utility/VectorLength.uexp" 332
"../../../Engine/Content/Functions/Engine_MaterialFunctions02/WorldPositionOffset/ObjectScale.uasset" 333
"../../../Engine/Content/Functions/Engine_MaterialFunctions02/WorldPositionOffset/ObjectScale.uexp" 334
"../../../Engine/Content/Functions/Engine_MaterialFunctions02/Utility/BreakOutFloat3Components.uasset" 335
"../../../Engine/Content/Functions/Engine_MaterialFunctions02/Utility/BreakOutFloat3Components.uexp" 336
"../../../Engine/Content/Functions/Engine_MaterialFunctions02/SafeNormalize.uasset" 337
"../../../Engine/Content/Functions/Engine_MaterialFunctions02/SafeNormalize.uexp" 338
"../../../Engine/Plugins/Editor/SpeedTreeImporter/Content/SpeedTree9/UnpackInteger3.uasset" 339
"../../../Engine/Plugins/Editor/SpeedTreeImporter/Content/SpeedTree9/UnpackInteger3.uexp" 340
"../../../Engine/Plugins/Editor/SpeedTreeImporter/Content/SpeedTree9/UnpackDirection.uasset" 341
"../../../Engine/Plugins/Editor/SpeedTreeImporter/Content/SpeedTree9/UnpackDirection.uexp" 342
"../../../Engine/Plugins/Editor/SpeedTreeImporter/Content/SpeedTree9/game_wind_noise.ubulk" 343
"../../../Engine/Plugins/Editor/SpeedTreeImporter/Content/SpeedTree9/game_wind_noise.uasset" 344
"../../../Engine/Plugins/Editor/SpeedTreeImporter/Content/SpeedTree9/game_wind_noise.uexp" 345
"../../../Engine/Plugins/Editor/SpeedTreeImporter/Content/SpeedTree9/SpeedTreeWindMotion.uasset" 346
"../../../Engine/Plugins/Editor/SpeedTreeImporter/Content/SpeedTree9/SpeedTreeWindMotion.uexp" 347
"../../../Engine/Plugins/Editor/SpeedTreeImporter/Content/SpeedTree9/SpeedTreeBranchMotion.uasset" 348
"../../../Engine/Plugins/Editor/SpeedTreeImporter/Content/SpeedTree9/SpeedTreeBranchMotion.uexp" 349
"../../../Engine/Content/Functions/Engine_MaterialFunctions02/ObjectLocalBounds.uasset" 350
"../../../Engine/Content/Functions/Engine_MaterialFunctions02/ObjectLocalBounds.uexp" 351
"../../../Engine/Content/Functions/Engine_MaterialFunctions02/UVs/BoundingBoxBased_0-1_UVW.uasset" 352
"../../../Engine/Content/Functions/Engine_MaterialFunctions02/UVs/BoundingBoxBased_0-1_UVW.uexp" 353
"../../../Engine/Plugins/Editor/SpeedTreeImporter/Content/SpeedTree9/SpeedTreeWind.uasset" 354
"../../../Engine/Plugins/Editor/SpeedTreeImporter/Content/SpeedTree9/SpeedTreeWind.uexp" 355
"../../../Engine/Plugins/Editor/SpeedTreeImporter/Content/SpeedTree9/SpeedTreeCameraFacing.uasset" 356
"../../../Engine/Plugins/Editor/SpeedTreeImporter/Content/SpeedTree9/SpeedTreeCameraFacing.uexp" 357
"../../../Engine/Plugins/Editor/SpeedTreeImporter/Content/SpeedTree9/EmptyNormal.uasset" 358
"../../../Engine/Plugins/Editor/SpeedTreeImporter/Content/SpeedTree9/EmptyNormal.uexp" 359
"../../../Engine/Plugins/Editor/SpeedTreeImporter/Content/SpeedTree9/Empty.uasset" 360
"../../../Engine/Plugins/Editor/SpeedTreeImporter/Content/SpeedTree9/Empty.uexp" 361
"../../../Engine/Plugins/Editor/SpeedTreeImporter/Content/SpeedTree9/SpeedTreeMaster.uasset" 362
"../../../Engine/Plugins/Editor/SpeedTreeImporter/Content/SpeedTree9/SpeedTreeMaster.uexp" 363
"../../../Engine/Plugins/Editor/SpeedTreeImporter/Content/SpeedTree9/SpeedTreeBillboard.uasset" 364
"../../../Engine/Plugins/Editor/SpeedTreeImporter/Content/SpeedTree9/SpeedTreeBillboard.uexp" 365
"../../../Engine/Plugins/Editor/SpeedTreeImporter/Content/SpeedTree9/SpeedTreeBillboardMaster.uasset" 366
"../../../Engine/Plugins/Editor/SpeedTreeImporter/Content/SpeedTree9/SpeedTreeBillboardMaster.uexp" 367
"../../../Engine/Plugins/Animation/ControlRig/Content/Controls/ControlRigXRayMaterial.uasset" 368
"../../../Engine/Plugins/Animation/ControlRig/Content/Controls/ControlRigXRayMaterial.uexp" 369
"../../../Engine/Plugins/Animation/ControlRig/Content/Controls/ControlRigGizmoMaterial.uasset" 370
"../../../Engine/Plugins/Animation/ControlRig/Content/Controls/ControlRigGizmoMaterial.uexp" 371
"../../../Engine/Content/EditorMaterials/ParticleSystems/PSysThumbnail_OOD.ubulk" 372
"../../../Engine/Content/EditorMaterials/ParticleSystems/PSysThumbnail_OOD.uasset" 373
"../../../Engine/Content/EditorMaterials/ParticleSystems/PSysThumbnail_OOD.uexp" 374
"../../../Engine/Content/EditorMaterials/ParticleSystems/PSysThumbnail_NoImage.ubulk" 375
"../../../Engine/Content/EditorMaterials/ParticleSystems/PSysThumbnail_NoImage.uasset" 376
"../../../Engine/Content/EditorMaterials/ParticleSystems/PSysThumbnail_NoImage.uexp" 377
"../../../Engine/Content/EditorMaterials/Dataflow/DataflowVertexMaterial.uasset" 378
"../../../Engine/Content/EditorMaterials/Dataflow/DataflowVertexMaterial.uexp" 379
"../../../Engine/Content/EditorMaterials/Dataflow/DataflowTwoSidedVertexMaterial.uasset" 380
"../../../Engine/Content/EditorMaterials/Dataflow/DataflowTwoSidedVertexMaterial.uexp" 381
"../../../Engine/Content/EngineResources/FilmGrains/Marcie_Grain_v3_128_M2_000.uasset" 382
"../../../Engine/Content/EngineResources/FilmGrains/Marcie_Grain_v3_128_M2_000.uexp" 383
"../../../Engine/Content/EngineResources/Development/ZenLogo_64.uasset" 384
"../../../Engine/Content/EngineResources/Development/ZenLogo_64.uexp" 385
"../../../Engine/Content/EngineMaterials/LTC/Sheen_LTC.uasset" 386
"../../../Engine/Content/EngineMaterials/LTC/Sheen_LTC.uexp" 387
"../../../Engine/Content/EngineMaterials/LTC/GGX_LTCMat.uasset" 388
"../../../Engine/Content/EngineMaterials/LTC/GGX_LTCMat.uexp" 389
"../../../Engine/Content/EngineMaterials/LTC/GGX_LTCAmp.uasset" 390
"../../../Engine/Content/EngineMaterials/LTC/GGX_LTCAmp.uexp" 391
"../../../Engine/Content/EngineMaterials/EnergyConservation/Sheen_Energy.uasset" 392
"../../../Engine/Content/EngineMaterials/EnergyConservation/Sheen_Energy.uexp" 393
"../../../Engine/Content/EngineMaterials/EnergyConservation/SheenLegacy_Energy.uasset" 394
"../../../Engine/Content/EngineMaterials/EnergyConservation/SheenLegacy_Energy.uexp" 395
"../../../Engine/Content/EngineMaterials/EnergyConservation/GGX_TransmissionEnergyArray.uasset" 396
"../../../Engine/Content/EngineMaterials/EnergyConservation/GGX_TransmissionEnergyArray.uexp" 397
"../../../Engine/Content/EngineMaterials/EnergyConservation/GGX_ReflectionEnergy.uasset" 398
"../../../Engine/Content/EngineMaterials/EnergyConservation/GGX_ReflectionEnergy.uexp" 399
"../../../Engine/Content/EngineMaterials/EnergyConservation/Diffuse_Energy.uasset" 400
"../../../Engine/Content/EngineMaterials/EnergyConservation/Diffuse_Energy.uexp" 401
"../../../Engine/Content/EditorResources/SequenceRecorder/RecordingIndicator.uasset" 402
"../../../Engine/Content/EditorResources/SequenceRecorder/RecordingIndicator.uexp" 403
"../../../Engine/Content/EditorResources/SequenceRecorder/Countdown.uasset" 404
"../../../Engine/Content/EditorResources/SequenceRecorder/Countdown.uexp" 405
"../../../Engine/Content/Functions/Engine_MaterialFunctions01/Shading/PowerToRoughness.uasset" 406
"../../../Engine/Content/Functions/Engine_MaterialFunctions01/Shading/PowerToRoughness.uexp" 407
"../../../Engine/Content/Functions/Engine_MaterialFunctions01/Shading/ConvertFromDiffSpec.uasset" 408
"../../../Engine/Content/Functions/Engine_MaterialFunctions01/Shading/ConvertFromDiffSpec.uexp" 409
"../../../Engine/Content/EngineMaterials/T_Default_Material_Grid_M.ubulk" 410
"../../../Engine/Content/EngineMaterials/T_Default_Material_Grid_M.uasset" 411
"../../../Engine/Content/EngineMaterials/T_Default_Material_Grid_M.uexp" 412
"../../../Engine/Content/Functions/Engine_MaterialFunctions01/Opacity/CameraDepthFade.uasset" 413
"../../../Engine/Content/Functions/Engine_MaterialFunctions01/Opacity/CameraDepthFade.uexp" 414
"../../../Engine/Content/EngineMaterials/T_Default_Material_Grid_N.ubulk" 415
"../../../Engine/Content/EngineMaterials/T_Default_Material_Grid_N.uasset" 416
"../../../Engine/Content/EngineMaterials/T_Default_Material_Grid_N.uexp" 417
"../../../Engine/Content/EngineMaterials/WorldGridMaterial.uasset" 418
"../../../Engine/Content/EngineMaterials/WorldGridMaterial.uexp" 419
"../../../Engine/Content/ArtTools/RenderToTexture/Meshes/S_1_Unit_Plane.ubulk" 420
"../../../Engine/Content/ArtTools/RenderToTexture/Meshes/S_1_Unit_Plane.uasset" 421
"../../../Engine/Content/ArtTools/RenderToTexture/Meshes/S_1_Unit_Plane.uexp" 422
"../../../Engine/Content/VREditor/TransformGizmo/TranslucentTransformGizmoMaterial.uasset" 423
"../../../Engine/Content/VREditor/TransformGizmo/TranslucentTransformGizmoMaterial.uexp" 424
"../../../Engine/Content/VREditor/LaserPointer/VR_LaserPower_01.ubulk" 425
"../../../Engine/Content/VREditor/LaserPointer/VR_LaserPower_01.uasset" 426
"../../../Engine/Content/VREditor/LaserPointer/VR_LaserPower_01.uexp" 427
"../../../Engine/Content/VREditor/TransformGizmo/TransformGizmoMaterial.uasset" 428
"../../../Engine/Content/VREditor/TransformGizmo/TransformGizmoMaterial.uexp" 429
"../../../Engine/Content/VREditor/TransformGizmo/BoundingBoxCorner.ubulk" 430
"../../../Engine/Content/VREditor/TransformGizmo/BoundingBoxCorner.uasset" 431
"../../../Engine/Content/VREditor/TransformGizmo/BoundingBoxCorner.uexp" 432
"../../../Engine/Content/VREditor/TransformGizmo/BoundingBoxEdge.ubulk" 433
"../../../Engine/Content/VREditor/TransformGizmo/BoundingBoxEdge.uasset" 434
"../../../Engine/Content/VREditor/TransformGizmo/BoundingBoxEdge.uexp" 435
"../../../Engine/Content/VREditor/TransformGizmo/Xray.uasset" 436
"../../../Engine/Content/VREditor/TransformGizmo/Xray.uexp" 437
"../../../Engine/Content/VREditor/TransformGizmo/Main.uasset" 438
"../../../Engine/Content/VREditor/TransformGizmo/Main.uexp" 439
"../../../Engine/Content/VREditor/TransformGizmo/SM_Sequencer_Node.ubulk" 440
"../../../Engine/Content/VREditor/TransformGizmo/SM_Sequencer_Node.uasset" 441
"../../../Engine/Content/VREditor/TransformGizmo/SM_Sequencer_Node.uexp" 442
"../../../Engine/Content/EditorMaterials/Camera/CineMat.uasset" 443
"../../../Engine/Content/EditorMaterials/Camera/CineMat.uexp" 444
"../../../Engine/Content/EditorMaterials/Camera/MI_CineMat_Rig.uasset" 445
"../../../Engine/Content/EditorMaterials/Camera/MI_CineMat_Rig.uexp" 446
"../../../Engine/Content/EditorMeshes/Camera/SM_CraneRig_Arm.ubulk" 447
"../../../Engine/Content/EditorMeshes/Camera/SM_CraneRig_Arm.uasset" 448
"../../../Engine/Content/EditorMeshes/Camera/SM_CraneRig_Arm.uexp" 449
"../../../Engine/Content/EditorMeshes/Camera/SM_CraneRig_Base.ubulk" 450
"../../../Engine/Content/EditorMeshes/Camera/SM_CraneRig_Base.uasset" 451
"../../../Engine/Content/EditorMeshes/Camera/SM_CraneRig_Base.uexp" 452
"../../../Engine/Content/EditorMeshes/Camera/SM_CraneRig_Body.ubulk" 453
"../../../Engine/Content/EditorMeshes/Camera/SM_CraneRig_Body.uasset" 454
"../../../Engine/Content/EditorMeshes/Camera/SM_CraneRig_Body.uexp" 455
"../../../Engine/Content/EditorMeshes/Camera/SM_CraneRig_Mount.ubulk" 456
"../../../Engine/Content/EditorMeshes/Camera/SM_CraneRig_Mount.uasset" 457
"../../../Engine/Content/EditorMeshes/Camera/SM_CraneRig_Mount.uexp" 458
"../../../Engine/Content/EditorMeshes/Camera/SM_RailRig_Mount.ubulk" 459
"../../../Engine/Content/EditorMeshes/Camera/SM_RailRig_Mount.uasset" 460
"../../../Engine/Content/EditorMeshes/Camera/SM_RailRig_Mount.uexp" 461
"../../../Engine/Content/EditorMeshes/Camera/SM_RailRig_Track.ubulk" 462
"../../../Engine/Content/EditorMeshes/Camera/SM_RailRig_Track.uasset" 463
"../../../Engine/Content/EditorMeshes/Camera/SM_RailRig_Track.uexp" 464
"../../../Engine/Plugins/Animation/ControlRig/Content/Controls/ControlRig_Arrow2_1mm.ubulk" 465
"../../../Engine/Plugins/Animation/ControlRig/Content/Controls/ControlRig_Arrow2_1mm.uasset" 466
"../../../Engine/Plugins/Animation/ControlRig/Content/Controls/ControlRig_Arrow2_1mm.uexp" 467
"../../../Engine/Plugins/Animation/ControlRig/Content/Controls/ControlRig_Arrow2_3mm.ubulk" 468
"../../../Engine/Plugins/Animation/ControlRig/Content/Controls/ControlRig_Arrow2_3mm.uasset" 469
"../../../Engine/Plugins/Animation/ControlRig/Content/Controls/ControlRig_Arrow2_3mm.uexp" 470
"../../../Engine/Plugins/Animation/ControlRig/Content/Controls/ControlRig_Arrow2_solid.ubulk" 471
"../../../Engine/Plugins/Animation/ControlRig/Content/Controls/ControlRig_Arrow2_solid.uasset" 472
"../../../Engine/Plugins/Animation/ControlRig/Content/Controls/ControlRig_Arrow2_solid.uexp" 473
"../../../Engine/Plugins/Animation/ControlRig/Content/Controls/ControlRig_Arrow4_1mm.ubulk" 474
"../../../Engine/Plugins/Animation/ControlRig/Content/Controls/ControlRig_Arrow4_1mm.uasset" 475
"../../../Engine/Plugins/Animation/ControlRig/Content/Controls/ControlRig_Arrow4_1mm.uexp" 476
"../../../Engine/Plugins/Animation/ControlRig/Content/Controls/ControlRig_Arrow4_3mm.ubulk" 477
"../../../Engine/Plugins/Animation/ControlRig/Content/Controls/ControlRig_Arrow4_3mm.uasset" 478
"../../../Engine/Plugins/Animation/ControlRig/Content/Controls/ControlRig_Arrow4_3mm.uexp" 479
"../../../Engine/Plugins/Animation/ControlRig/Content/Controls/ControlRig_Arrow4_solid.ubulk" 480
"../../../Engine/Plugins/Animation/ControlRig/Content/Controls/ControlRig_Arrow4_solid.uasset" 481
"../../../Engine/Plugins/Animation/ControlRig/Content/Controls/ControlRig_Arrow4_solid.uexp" 482
"../../../Engine/Plugins/Animation/ControlRig/Content/Controls/ControlRig_Arrow_1mm.ubulk" 483
"../../../Engine/Plugins/Animation/ControlRig/Content/Controls/ControlRig_Arrow_1mm.uasset" 484
"../../../Engine/Plugins/Animation/ControlRig/Content/Controls/ControlRig_Arrow_1mm.uexp" 485
"../../../Engine/Plugins/Animation/ControlRig/Content/Controls/ControlRig_Arrow_3mm.ubulk" 486
"../../../Engine/Plugins/Animation/ControlRig/Content/Controls/ControlRig_Arrow_3mm.uasset" 487
"../../../Engine/Plugins/Animation/ControlRig/Content/Controls/ControlRig_Arrow_3mm.uexp" 488
"../../../Engine/Plugins/Animation/ControlRig/Content/Controls/ControlRig_Arrow_solid.ubulk" 489
"../../../Engine/Plugins/Animation/ControlRig/Content/Controls/ControlRig_Arrow_solid.uasset" 490
"../../../Engine/Plugins/Animation/ControlRig/Content/Controls/ControlRig_Arrow_solid.uexp" 491
"../../../Engine/Plugins/Animation/ControlRig/Content/Controls/ControlRig_Box_1mm.ubulk" 492
"../../../Engine/Plugins/Animation/ControlRig/Content/Controls/ControlRig_Box_1mm.uasset" 493
"../../../Engine/Plugins/Animation/ControlRig/Content/Controls/ControlRig_Box_1mm.uexp" 494
"../../../Engine/Plugins/Animation/ControlRig/Content/Controls/ControlRig_Box_3mm.ubulk" 495
"../../../Engine/Plugins/Animation/ControlRig/Content/Controls/ControlRig_Box_3mm.uasset" 496
"../../../Engine/Plugins/Animation/ControlRig/Content/Controls/ControlRig_Box_3mm.uexp" 497
"../../../Engine/Plugins/Animation/ControlRig/Content/Controls/ControlRig_Box_solid.ubulk" 498
"../../../Engine/Plugins/Animation/ControlRig/Content/Controls/ControlRig_Box_solid.uasset" 499
"../../../Engine/Plugins/Animation/ControlRig/Content/Controls/ControlRig_Box_solid.uexp" 500
"../../../Engine/Plugins/Animation/ControlRig/Content/Controls/ControlRig_Circle_1mm.ubulk" 501
"../../../Engine/Plugins/Animation/ControlRig/Content/Controls/ControlRig_Circle_1mm.uasset" 502
"../../../Engine/Plugins/Animation/ControlRig/Content/Controls/ControlRig_Circle_1mm.uexp" 503
"../../../Engine/Plugins/Animation/ControlRig/Content/Controls/ControlRig_Circle_3mm.ubulk" 504
"../../../Engine/Plugins/Animation/ControlRig/Content/Controls/ControlRig_Circle_3mm.uasset" 505
"../../../Engine/Plugins/Animation/ControlRig/Content/Controls/ControlRig_Circle_3mm.uexp" 506
"../../../Engine/Plugins/Animation/ControlRig/Content/Controls/ControlRig_Circle_solid.ubulk" 507
"../../../Engine/Plugins/Animation/ControlRig/Content/Controls/ControlRig_Circle_solid.uasset" 508
"../../../Engine/Plugins/Animation/ControlRig/Content/Controls/ControlRig_Circle_solid.uexp" 509
"../../../Engine/Plugins/Animation/ControlRig/Content/Controls/ControlRig_Diamond_1mm.ubulk" 510
"../../../Engine/Plugins/Animation/ControlRig/Content/Controls/ControlRig_Diamond_1mm.uasset" 511
"../../../Engine/Plugins/Animation/ControlRig/Content/Controls/ControlRig_Diamond_1mm.uexp" 512
"../../../Engine/Plugins/Animation/ControlRig/Content/Controls/ControlRig_Diamond_3mm.ubulk" 513
"../../../Engine/Plugins/Animation/ControlRig/Content/Controls/ControlRig_Diamond_3mm.uasset" 514
"../../../Engine/Plugins/Animation/ControlRig/Content/Controls/ControlRig_Diamond_3mm.uexp" 515
"../../../Engine/Plugins/Animation/ControlRig/Content/Controls/ControlRig_Diamond_solid.ubulk" 516
"../../../Engine/Plugins/Animation/ControlRig/Content/Controls/ControlRig_Diamond_solid.uasset" 517
"../../../Engine/Plugins/Animation/ControlRig/Content/Controls/ControlRig_Diamond_solid.uexp" 518
"../../../Engine/Plugins/Animation/ControlRig/Content/Controls/ControlRig_HalfCircle_1mm.ubulk" 519
"../../../Engine/Plugins/Animation/ControlRig/Content/Controls/ControlRig_HalfCircle_1mm.uasset" 520
"../../../Engine/Plugins/Animation/ControlRig/Content/Controls/ControlRig_HalfCircle_1mm.uexp" 521
"../../../Engine/Plugins/Animation/ControlRig/Content/Controls/ControlRig_HalfCircle_3mm.ubulk" 522
"../../../Engine/Plugins/Animation/ControlRig/Content/Controls/ControlRig_HalfCircle_3mm.uasset" 523
"../../../Engine/Plugins/Animation/ControlRig/Content/Controls/ControlRig_HalfCircle_3mm.uexp" 524
"../../../Engine/Plugins/Animation/ControlRig/Content/Controls/ControlRig_HalfCircle_solid.ubulk" 525
"../../../Engine/Plugins/Animation/ControlRig/Content/Controls/ControlRig_HalfCircle_solid.uasset" 526
"../../../Engine/Plugins/Animation/ControlRig/Content/Controls/ControlRig_HalfCircle_solid.uexp" 527
"../../../Engine/Plugins/Animation/ControlRig/Content/Controls/ControlRig_Hexagon_1mm.ubulk" 528
"../../../Engine/Plugins/Animation/ControlRig/Content/Controls/ControlRig_Hexagon_1mm.uasset" 529
"../../../Engine/Plugins/Animation/ControlRig/Content/Controls/ControlRig_Hexagon_1mm.uexp" 530
"../../../Engine/Plugins/Animation/ControlRig/Content/Controls/ControlRig_Hexagon_3mm.ubulk" 531
"../../../Engine/Plugins/Animation/ControlRig/Content/Controls/ControlRig_Hexagon_3mm.uasset" 532
"../../../Engine/Plugins/Animation/ControlRig/Content/Controls/ControlRig_Hexagon_3mm.uexp" 533
"../../../Engine/Plugins/Animation/ControlRig/Content/Controls/ControlRig_Hexagon_solid.ubulk" 534
"../../../Engine/Plugins/Animation/ControlRig/Content/Controls/ControlRig_Hexagon_solid.uasset" 535
"../../../Engine/Plugins/Animation/ControlRig/Content/Controls/ControlRig_Hexagon_solid.uexp" 536
"../../../Engine/Plugins/Animation/ControlRig/Content/Controls/ControlRig_Octagon_1mm.ubulk" 537
"../../../Engine/Plugins/Animation/ControlRig/Content/Controls/ControlRig_Octagon_1mm.uasset" 538
"../../../Engine/Plugins/Animation/ControlRig/Content/Controls/ControlRig_Octagon_1mm.uexp" 539
"../../../Engine/Plugins/Animation/ControlRig/Content/Controls/ControlRig_Octagon_3mm.ubulk" 540
"../../../Engine/Plugins/Animation/ControlRig/Content/Controls/ControlRig_Octagon_3mm.uasset" 541
"../../../Engine/Plugins/Animation/ControlRig/Content/Controls/ControlRig_Octagon_3mm.uexp" 542
"../../../Engine/Plugins/Animation/ControlRig/Content/Controls/ControlRig_Octagon_solid.ubulk" 543
"../../../Engine/Plugins/Animation/ControlRig/Content/Controls/ControlRig_Octagon_solid.uasset" 544
"../../../Engine/Plugins/Animation/ControlRig/Content/Controls/ControlRig_Octagon_solid.uexp" 545
"../../../Engine/Plugins/Animation/ControlRig/Content/Controls/ControlRig_Pyramid_1mm.ubulk" 546
"../../../Engine/Plugins/Animation/ControlRig/Content/Controls/ControlRig_Pyramid_1mm.uasset" 547
"../../../Engine/Plugins/Animation/ControlRig/Content/Controls/ControlRig_Pyramid_1mm.uexp" 548
"../../../Engine/Plugins/Animation/ControlRig/Content/Controls/ControlRig_Pyramid_3mm.ubulk" 549
"../../../Engine/Plugins/Animation/ControlRig/Content/Controls/ControlRig_Pyramid_3mm.uasset" 550
"../../../Engine/Plugins/Animation/ControlRig/Content/Controls/ControlRig_Pyramid_3mm.uexp" 551
"../../../Engine/Plugins/Animation/ControlRig/Content/Controls/ControlRig_Pyramid_solid.ubulk" 552
"../../../Engine/Plugins/Animation/ControlRig/Content/Controls/ControlRig_Pyramid_solid.uasset" 553
"../../../Engine/Plugins/Animation/ControlRig/Content/Controls/ControlRig_Pyramid_solid.uexp" 554
"../../../Engine/Plugins/Animation/ControlRig/Content/Controls/ControlRig_QuarterCircle_1mm.ubulk" 555
"../../../Engine/Plugins/Animation/ControlRig/Content/Controls/ControlRig_QuarterCircle_1mm.uasset" 556
"../../../Engine/Plugins/Animation/ControlRig/Content/Controls/ControlRig_QuarterCircle_1mm.uexp" 557
"../../../Engine/Plugins/Animation/ControlRig/Content/Controls/ControlRig_QuarterCircle_3mm.ubulk" 558
"../../../Engine/Plugins/Animation/ControlRig/Content/Controls/ControlRig_QuarterCircle_3mm.uasset" 559
"../../../Engine/Plugins/Animation/ControlRig/Content/Controls/ControlRig_QuarterCircle_3mm.uexp" 560
"../../../Engine/Plugins/Animation/ControlRig/Content/Controls/ControlRig_QuarterCircle_solid.ubulk" 561
"../../../Engine/Plugins/Animation/ControlRig/Content/Controls/ControlRig_QuarterCircle_solid.uasset" 562
"../../../Engine/Plugins/Animation/ControlRig/Content/Controls/ControlRig_QuarterCircle_solid.uexp" 563
"../../../Engine/Plugins/Animation/ControlRig/Content/Controls/ControlRig_RoundedSquare_1mm.ubulk" 564
"../../../Engine/Plugins/Animation/ControlRig/Content/Controls/ControlRig_RoundedSquare_1mm.uasset" 565
"../../../Engine/Plugins/Animation/ControlRig/Content/Controls/ControlRig_RoundedSquare_1mm.uexp" 566
"../../../Engine/Plugins/Animation/ControlRig/Content/Controls/ControlRig_RoundedSquare_3mm.ubulk" 567
"../../../Engine/Plugins/Animation/ControlRig/Content/Controls/ControlRig_RoundedSquare_3mm.uasset" 568
"../../../Engine/Plugins/Animation/ControlRig/Content/Controls/ControlRig_RoundedSquare_3mm.uexp" 569
"../../../Engine/Plugins/Animation/ControlRig/Content/Controls/ControlRig_RoundedSquare_solid.ubulk" 570
"../../../Engine/Plugins/Animation/ControlRig/Content/Controls/ControlRig_RoundedSquare_solid.uasset" 571
"../../../Engine/Plugins/Animation/ControlRig/Content/Controls/ControlRig_RoundedSquare_solid.uexp" 572
"../../../Engine/Plugins/Animation/ControlRig/Content/Controls/ControlRig_RoundedTriangle_1mm.ubulk" 573
"../../../Engine/Plugins/Animation/ControlRig/Content/Controls/ControlRig_RoundedTriangle_1mm.uasset" 574
"../../../Engine/Plugins/Animation/ControlRig/Content/Controls/ControlRig_RoundedTriangle_1mm.uexp" 575
"../../../Engine/Plugins/Animation/ControlRig/Content/Controls/ControlRig_RoundedTriangle_3mm.ubulk" 576
"../../../Engine/Plugins/Animation/ControlRig/Content/Controls/ControlRig_RoundedTriangle_3mm.uasset" 577
"../../../Engine/Plugins/Animation/ControlRig/Content/Controls/ControlRig_RoundedTriangle_3mm.uexp" 578
"../../../Engine/Plugins/Animation/ControlRig/Content/Controls/ControlRig_RoundedTriangle_solid.ubulk" 579
"../../../Engine/Plugins/Animation/ControlRig/Content/Controls/ControlRig_RoundedTriangle_solid.uasset" 580
"../../../Engine/Plugins/Animation/ControlRig/Content/Controls/ControlRig_RoundedTriangle_solid.uexp" 581
"../../../Engine/Plugins/Animation/ControlRig/Content/Controls/ControlRig_Sphere_1mm.ubulk" 582
"../../../Engine/Plugins/Animation/ControlRig/Content/Controls/ControlRig_Sphere_1mm.uasset" 583
"../../../Engine/Plugins/Animation/ControlRig/Content/Controls/ControlRig_Sphere_1mm.uexp" 584
"../../../Engine/Plugins/Animation/ControlRig/Content/Controls/ControlRig_Sphere_3mm.ubulk" 585
"../../../Engine/Plugins/Animation/ControlRig/Content/Controls/ControlRig_Sphere_3mm.uasset" 586
"../../../Engine/Plugins/Animation/ControlRig/Content/Controls/ControlRig_Sphere_3mm.uexp" 587
"../../../Engine/Plugins/Animation/ControlRig/Content/Controls/ControlRig_Sphere_solid.ubulk" 588
"../../../Engine/Plugins/Animation/ControlRig/Content/Controls/ControlRig_Sphere_solid.uasset" 589
"../../../Engine/Plugins/Animation/ControlRig/Content/Controls/ControlRig_Sphere_solid.uexp" 590
"../../../Engine/Plugins/Animation/ControlRig/Content/Controls/ControlRig_Square_1mm.ubulk" 591
"../../../Engine/Plugins/Animation/ControlRig/Content/Controls/ControlRig_Square_1mm.uasset" 592
"../../../Engine/Plugins/Animation/ControlRig/Content/Controls/ControlRig_Square_1mm.uexp" 593
"../../../Engine/Plugins/Animation/ControlRig/Content/Controls/ControlRig_Square_3mm.ubulk" 594
"../../../Engine/Plugins/Animation/ControlRig/Content/Controls/ControlRig_Square_3mm.uasset" 595
"../../../Engine/Plugins/Animation/ControlRig/Content/Controls/ControlRig_Square_3mm.uexp" 596
"../../../Engine/Plugins/Animation/ControlRig/Content/Controls/ControlRig_Square_solid.ubulk" 597
"../../../Engine/Plugins/Animation/ControlRig/Content/Controls/ControlRig_Square_solid.uasset" 598
"../../../Engine/Plugins/Animation/ControlRig/Content/Controls/ControlRig_Square_solid.uexp" 599
"../../../Engine/Plugins/Animation/ControlRig/Content/Controls/ControlRig_Star4_1mm.ubulk" 600
"../../../Engine/Plugins/Animation/ControlRig/Content/Controls/ControlRig_Star4_1mm.uasset" 601
"../../../Engine/Plugins/Animation/ControlRig/Content/Controls/ControlRig_Star4_1mm.uexp" 602
"../../../Engine/Plugins/Animation/ControlRig/Content/Controls/ControlRig_Star4_3mm.ubulk" 603
"../../../Engine/Plugins/Animation/ControlRig/Content/Controls/ControlRig_Star4_3mm.uasset" 604
"../../../Engine/Plugins/Animation/ControlRig/Content/Controls/ControlRig_Star4_3mm.uexp" 605
"../../../Engine/Plugins/Animation/ControlRig/Content/Controls/ControlRig_Star4_solid.ubulk" 606
"../../../Engine/Plugins/Animation/ControlRig/Content/Controls/ControlRig_Star4_solid.uasset" 607
"../../../Engine/Plugins/Animation/ControlRig/Content/Controls/ControlRig_Star4_solid.uexp" 608
"../../../Engine/Plugins/Animation/ControlRig/Content/Controls/ControlRig_Triangle_1mm.ubulk" 609
"../../../Engine/Plugins/Animation/ControlRig/Content/Controls/ControlRig_Triangle_1mm.uasset" 610
"../../../Engine/Plugins/Animation/ControlRig/Content/Controls/ControlRig_Triangle_1mm.uexp" 611
"../../../Engine/Plugins/Animation/ControlRig/Content/Controls/ControlRig_Triangle_3mm.ubulk" 612
"../../../Engine/Plugins/Animation/ControlRig/Content/Controls/ControlRig_Triangle_3mm.uasset" 613
"../../../Engine/Plugins/Animation/ControlRig/Content/Controls/ControlRig_Triangle_3mm.uexp" 614
"../../../Engine/Plugins/Animation/ControlRig/Content/Controls/ControlRig_Triangle_solid.ubulk" 615
"../../../Engine/Plugins/Animation/ControlRig/Content/Controls/ControlRig_Triangle_solid.uasset" 616
"../../../Engine/Plugins/Animation/ControlRig/Content/Controls/ControlRig_Triangle_solid.uexp" 617
"../../../Engine/Plugins/Animation/ControlRig/Content/Controls/ControlRig_Wedge_1mm.ubulk" 618
"../../../Engine/Plugins/Animation/ControlRig/Content/Controls/ControlRig_Wedge_1mm.uasset" 619
"../../../Engine/Plugins/Animation/ControlRig/Content/Controls/ControlRig_Wedge_1mm.uexp" 620
"../../../Engine/Plugins/Animation/ControlRig/Content/Controls/ControlRig_Wedge_3mm.ubulk" 621
"../../../Engine/Plugins/Animation/ControlRig/Content/Controls/ControlRig_Wedge_3mm.uasset" 622
"../../../Engine/Plugins/Animation/ControlRig/Content/Controls/ControlRig_Wedge_3mm.uexp" 623
"../../../Engine/Plugins/Animation/ControlRig/Content/Controls/ControlRig_Wedge_solid.ubulk" 624
"../../../Engine/Plugins/Animation/ControlRig/Content/Controls/ControlRig_Wedge_solid.uasset" 625
"../../../Engine/Plugins/Animation/ControlRig/Content/Controls/ControlRig_Wedge_solid.uexp" 626
"../../../Engine/Content/EngineMeshes/Sphere.ubulk" 627
"../../../Engine/Content/EngineMeshes/Sphere.uasset" 628
"../../../Engine/Content/EngineMeshes/Sphere.uexp" 629
"../../../Engine/Content/EditorLandscapeResources/SplineEditorMeshMat.uasset" 630
"../../../Engine/Content/EditorLandscapeResources/SplineEditorMeshMat.uexp" 631
"../../../Engine/Content/EditorLandscapeResources/SplineEditorMesh.ubulk" 632
"../../../Engine/Content/EditorLandscapeResources/SplineEditorMesh.uasset" 633
"../../../Engine/Content/EditorLandscapeResources/SplineEditorMesh.uexp" 634
"../../../Engine/Content/EngineMaterials/DefaultMaterial.uasset" 635
"../../../Engine/Content/EngineMaterials/DefaultMaterial.uexp" 636
"../../../Engine/Content/BasicShapes/Cylinder.ubulk" 637
"../../../Engine/Content/BasicShapes/Cylinder.uasset" 638
"../../../Engine/Content/BasicShapes/Cylinder.uexp" 639
"../../../Engine/Content/BasicShapes/Plane.ubulk" 640
"../../../Engine/Content/BasicShapes/Plane.uasset" 641
"../../../Engine/Content/BasicShapes/Plane.uexp" 642
"../../../Engine/Plugins/Media/MediaPlate/Content/SM_MediaPlateScreen.ubulk" 643
"../../../Engine/Plugins/Media/MediaPlate/Content/SM_MediaPlateScreen.uasset" 644
"../../../Engine/Plugins/Media/MediaPlate/Content/SM_MediaPlateScreen.uexp" 645
"../../../Engine/Content/EngineResources/DefaultTextureCube.uasset" 646
"../../../Engine/Content/EngineResources/DefaultTextureCube.uexp" 647
"../../../Engine/Content/EngineMaterials/Substrate/GLints/AGlintTex2dArray.uasset" 648
"../../../Engine/Content/EngineMaterials/Substrate/GLints/AGlintTex2dArray.uexp" 649
"../../../Engine/Content/EngineMaterials/Substrate/Glints2/AGlintTex2dArray2.uasset" 650
"../../../Engine/Content/EngineMaterials/Substrate/Glints2/AGlintTex2dArray2.uexp" 651
"../../../Engine/Content/EngineMaterials/Substrate/Volume/SubstrateSimpleVolumeEnvLUT3D.uasset" 652
"../../../Engine/Content/EngineMaterials/Substrate/Volume/SubstrateSimpleVolumeEnvLUT3D.uexp" 653
"../../../Engine/Content/EngineMaterials/Substrate/Volume/SubstrateSimpleVolumeLUT3D.uasset" 654
"../../../Engine/Content/EngineMaterials/Substrate/Volume/SubstrateSimpleVolumeLUT3D.uexp" 655
"../../../Engine/Content/Functions/Engine_MaterialFunctions02/Math/Transform3x3Matrix.uasset" 656
"../../../Engine/Content/Functions/Engine_MaterialFunctions02/Math/Transform3x3Matrix.uexp" 657
"../../../Engine/Content/Functions/Engine_MaterialFunctions01/Texturing/FlattenNormal.uasset" 658
"../../../Engine/Content/Functions/Engine_MaterialFunctions01/Texturing/FlattenNormal.uexp" 659
"../../../Engine/Plugins/Interchange/Assets/Content/Utilities/New_LUT.uasset" 660
"../../../Engine/Plugins/Interchange/Assets/Content/Utilities/New_LUT.uexp" 661
"../../../Engine/Content/Functions/Engine_MaterialFunctions03/Math/RemapValueRange.uasset" 662
"../../../Engine/Content/Functions/Engine_MaterialFunctions03/Math/RemapValueRange.uexp" 663
"../../../Engine/Plugins/Interchange/Assets/Content/Functions/MF_Iridescence.uasset" 664
"../../../Engine/Plugins/Interchange/Assets/Content/Functions/MF_Iridescence.uexp" 665
"../../../Engine/Plugins/Interchange/Assets/Content/gltf/Textures/T_White_srgb.uasset" 666
"../../../Engine/Plugins/Interchange/Assets/Content/gltf/Textures/T_White_srgb.uexp" 667
"../../../Engine/Plugins/Interchange/Assets/Content/gltf/MaterialFunctions/MF_BaseColor.uasset" 668
"../../../Engine/Plugins/Interchange/Assets/Content/gltf/MaterialFunctions/MF_BaseColor.uexp" 669
"../../../Engine/Plugins/Interchange/Assets/Content/gltf/MaterialFunctions/MF_RotateV2.uasset" 670
"../../../Engine/Plugins/Interchange/Assets/Content/gltf/MaterialFunctions/MF_RotateV2.uexp" 671
"../../../Engine/Plugins/Interchange/Assets/Content/gltf/MaterialFunctions/MF_TransformUVs.uasset" 672
"../../../Engine/Plugins/Interchange/Assets/Content/gltf/MaterialFunctions/MF_TransformUVs.uexp" 673
"../../../Engine/Plugins/Interchange/Assets/Content/gltf/MaterialFunctions/MF_IOR.uasset" 674
"../../../Engine/Plugins/Interchange/Assets/Content/gltf/MaterialFunctions/MF_IOR.uexp" 675
"../../../Engine/Plugins/Interchange/Assets/Content/gltf/MaterialFunctions/MF_Iridescence.uasset" 676
"../../../Engine/Plugins/Interchange/Assets/Content/gltf/MaterialFunctions/MF_Iridescence.uexp" 677
"../../../Engine/Plugins/Interchange/Assets/Content/gltf/Textures/T_White_Linear.uasset" 678
"../../../Engine/Plugins/Interchange/Assets/Content/gltf/Textures/T_White_Linear.uexp" 679
"../../../Engine/Plugins/Interchange/Assets/Content/gltf/MaterialFunctions/MF_MetallicRoughness.uasset" 680
"../../../Engine/Plugins/Interchange/Assets/Content/gltf/MaterialFunctions/MF_MetallicRoughness.uexp" 681
"../../../Engine/Plugins/Interchange/Assets/Content/gltf/MaterialFunctions/MF_RotateNormals_TS.uasset" 682
"../../../Engine/Plugins/Interchange/Assets/Content/gltf/MaterialFunctions/MF_RotateNormals_TS.uexp" 683
"../../../Engine/Plugins/Interchange/Assets/Content/gltf/MaterialFunctions/MF_ScaleNormal.uasset" 684
"../../../Engine/Plugins/Interchange/Assets/Content/gltf/MaterialFunctions/MF_ScaleNormal.uexp" 685
"../../../Engine/Plugins/Interchange/Assets/Content/gltf/Textures/T_Generic_N.uasset" 686
"../../../Engine/Plugins/Interchange/Assets/Content/gltf/Textures/T_Generic_N.uexp" 687
"../../../Engine/Plugins/Interchange/Assets/Content/gltf/MaterialFunctions/MF_Normals.uasset" 688
"../../../Engine/Plugins/Interchange/Assets/Content/gltf/MaterialFunctions/MF_Normals.uexp" 689
"../../../Engine/Plugins/Interchange/Assets/Content/gltf/MaterialFunctions/MF_Occlusion.uasset" 690
"../../../Engine/Plugins/Interchange/Assets/Content/gltf/MaterialFunctions/MF_Occlusion.uexp" 691
"../../../Engine/Plugins/Interchange/Assets/Content/gltf/MaterialFunctions/MF_Specular.uasset" 692
"../../../Engine/Plugins/Interchange/Assets/Content/gltf/MaterialFunctions/MF_Specular.uexp" 693
"../../../Engine/Plugins/Interchange/Assets/Content/gltf/Textures/T_Anisotropy_Direction_Linear.uasset" 694
"../../../Engine/Plugins/Interchange/Assets/Content/gltf/Textures/T_Anisotropy_Direction_Linear.uexp" 695
"../../../Engine/Plugins/Interchange/Assets/Content/gltf/MaterialFunctions/MF_SpecularAnisotropy.uasset" 696
"../../../Engine/Plugins/Interchange/Assets/Content/gltf/MaterialFunctions/MF_SpecularAnisotropy.uexp" 697
"../../../Engine/Plugins/Interchange/Assets/Content/gltf/MaterialFunctions/MF_Emissive.uasset" 698
"../../../Engine/Plugins/Interchange/Assets/Content/gltf/MaterialFunctions/MF_Emissive.uexp" 699
"../../../Engine/Plugins/Interchange/Assets/Content/gltf/MaterialFunctions/MF_Clearcoat.uasset" 700
"../../../Engine/Plugins/Interchange/Assets/Content/gltf/MaterialFunctions/MF_Clearcoat.uexp" 701
"../../../Engine/Plugins/Interchange/Assets/Content/gltf/MaterialBodies/MF_ClearCoat_Body.uasset" 702
"../../../Engine/Plugins/Interchange/Assets/Content/gltf/MaterialBodies/MF_ClearCoat_Body.uexp" 703
"../../../Engine/Plugins/Interchange/Assets/Content/gltf/M_ClearCoat.uasset" 704
"../../../Engine/Plugins/Interchange/Assets/Content/gltf/M_ClearCoat.uexp" 705
"../../../Engine/Plugins/Interchange/Assets/Content/gltf/MaterialInstances/MI_ClearCoat_Blend.uasset" 706
"../../../Engine/Plugins/Interchange/Assets/Content/gltf/MaterialInstances/MI_ClearCoat_Blend.uexp" 707
"../../../Engine/Plugins/Interchange/Assets/Content/gltf/MaterialInstances/MI_ClearCoat_Blend_DS.uasset" 708
"../../../Engine/Plugins/Interchange/Assets/Content/gltf/MaterialInstances/MI_ClearCoat_Blend_DS.uexp" 709
"../../../Engine/Plugins/Interchange/Assets/Content/gltf/MaterialInstances/MI_ClearCoat_Mask.uasset" 710
"../../../Engine/Plugins/Interchange/Assets/Content/gltf/MaterialInstances/MI_ClearCoat_Mask.uexp" 711
"../../../Engine/Plugins/Interchange/Assets/Content/gltf/MaterialInstances/MI_ClearCoat_Mask_DS.uasset" 712
"../../../Engine/Plugins/Interchange/Assets/Content/gltf/MaterialInstances/MI_ClearCoat_Mask_DS.uexp" 713
"../../../Engine/Plugins/Interchange/Assets/Content/gltf/MaterialInstances/MI_ClearCoat_Opaque.uasset" 714
"../../../Engine/Plugins/Interchange/Assets/Content/gltf/MaterialInstances/MI_ClearCoat_Opaque.uexp" 715
"../../../Engine/Plugins/Interchange/Assets/Content/gltf/MaterialInstances/MI_ClearCoat_Opaque_DS.uasset" 716
"../../../Engine/Plugins/Interchange/Assets/Content/gltf/MaterialInstances/MI_ClearCoat_Opaque_DS.uexp" 717
"../../../Engine/Plugins/Interchange/Assets/Content/gltf/MaterialBodies/MF_Default_Body.uasset" 718
"../../../Engine/Plugins/Interchange/Assets/Content/gltf/MaterialBodies/MF_Default_Body.uexp" 719
"../../../Engine/Plugins/Interchange/Assets/Content/gltf/M_Default.uasset" 720
"../../../Engine/Plugins/Interchange/Assets/Content/gltf/M_Default.uexp" 721
"../../../Engine/Plugins/Interchange/Assets/Content/gltf/MaterialInstances/MI_Default_Blend.uasset" 722
"../../../Engine/Plugins/Interchange/Assets/Content/gltf/MaterialInstances/MI_Default_Blend.uexp" 723
"../../../Engine/Plugins/Interchange/Assets/Content/gltf/MaterialInstances/MI_Default_Blend_DS.uasset" 724
"../../../Engine/Plugins/Interchange/Assets/Content/gltf/MaterialInstances/MI_Default_Blend_DS.uexp" 725
"../../../Engine/Plugins/Interchange/Assets/Content/gltf/MaterialInstances/MI_Default_Mask.uasset" 726
"../../../Engine/Plugins/Interchange/Assets/Content/gltf/MaterialInstances/MI_Default_Mask.uexp" 727
"../../../Engine/Plugins/Interchange/Assets/Content/gltf/MaterialInstances/MI_Default_Mask_DS.uasset" 728
"../../../Engine/Plugins/Interchange/Assets/Content/gltf/MaterialInstances/MI_Default_Mask_DS.uexp" 729
"../../../Engine/Plugins/Interchange/Assets/Content/gltf/MaterialInstances/MI_Default_Opaque.uasset" 730
"../../../Engine/Plugins/Interchange/Assets/Content/gltf/MaterialInstances/MI_Default_Opaque.uexp" 731
"../../../Engine/Plugins/Interchange/Assets/Content/gltf/MaterialInstances/MI_Default_Opaque_DS.uasset" 732
"../../../Engine/Plugins/Interchange/Assets/Content/gltf/MaterialInstances/MI_Default_Opaque_DS.uexp" 733
"../../../Engine/Plugins/Interchange/Assets/Content/gltf/MaterialFunctions/MF_Sheen.uasset" 734
"../../../Engine/Plugins/Interchange/Assets/Content/gltf/MaterialFunctions/MF_Sheen.uexp" 735
"../../../Engine/Plugins/Interchange/Assets/Content/gltf/MaterialBodies/MF_Sheen_Body.uasset" 736
"../../../Engine/Plugins/Interchange/Assets/Content/gltf/MaterialBodies/MF_Sheen_Body.uexp" 737
"../../../Engine/Plugins/Interchange/Assets/Content/gltf/M_Sheen.uasset" 738
"../../../Engine/Plugins/Interchange/Assets/Content/gltf/M_Sheen.uexp" 739
"../../../Engine/Plugins/Interchange/Assets/Content/gltf/MaterialInstances/MI_Sheen_Blend.uasset" 740
"../../../Engine/Plugins/Interchange/Assets/Content/gltf/MaterialInstances/MI_Sheen_Blend.uexp" 741
"../../../Engine/Plugins/Interchange/Assets/Content/gltf/MaterialInstances/MI_Sheen_Blend_DS.uasset" 742
"../../../Engine/Plugins/Interchange/Assets/Content/gltf/MaterialInstances/MI_Sheen_Blend_DS.uexp" 743
"../../../Engine/Plugins/Interchange/Assets/Content/gltf/MaterialInstances/MI_Sheen_Mask.uasset" 744
"../../../Engine/Plugins/Interchange/Assets/Content/gltf/MaterialInstances/MI_Sheen_Mask.uexp" 745
"../../../Engine/Plugins/Interchange/Assets/Content/gltf/MaterialInstances/MI_Sheen_Mask_DS.uasset" 746
"../../../Engine/Plugins/Interchange/Assets/Content/gltf/MaterialInstances/MI_Sheen_Mask_DS.uexp" 747
"../../../Engine/Plugins/Interchange/Assets/Content/gltf/MaterialInstances/MI_Sheen_Opaque.uasset" 748
"../../../Engine/Plugins/Interchange/Assets/Content/gltf/MaterialInstances/MI_Sheen_Opaque.uexp" 749
"../../../Engine/Plugins/Interchange/Assets/Content/gltf/MaterialInstances/MI_Sheen_Opaque_DS.uasset" 750
"../../../Engine/Plugins/Interchange/Assets/Content/gltf/MaterialInstances/MI_Sheen_Opaque_DS.uexp" 751
"../../../Engine/Content/Functions/Engine_MaterialFunctions02/Math/AddComponents.uasset" 752
"../../../Engine/Content/Functions/Engine_MaterialFunctions02/Math/AddComponents.uexp" 753
"../../../Engine/Plugins/Interchange/Assets/Content/gltf/MaterialFunctions/MF_DiffuseSpecGloss.uasset" 754
"../../../Engine/Plugins/Interchange/Assets/Content/gltf/MaterialFunctions/MF_DiffuseSpecGloss.uexp" 755
"../../../Engine/Plugins/Interchange/Assets/Content/gltf/MaterialFunctions/MF_MaxComponentValue.uasset" 756
"../../../Engine/Plugins/Interchange/Assets/Content/gltf/MaterialFunctions/MF_MaxComponentValue.uexp" 757
"../../../Engine/Plugins/Interchange/Assets/Content/gltf/MaterialFunctions/MF_PerceivedBrightness.uasset" 758
"../../../Engine/Plugins/Interchange/Assets/Content/gltf/MaterialFunctions/MF_PerceivedBrightness.uexp" 759
"../../../Engine/Plugins/Interchange/Assets/Content/gltf/MaterialFunctions/MF_SpecGlossToMetalRoughness.uasset" 760
"../../../Engine/Plugins/Interchange/Assets/Content/gltf/MaterialFunctions/MF_SpecGlossToMetalRoughness.uexp" 761
"../../../Engine/Plugins/Interchange/Assets/Content/gltf/MaterialBodies/MF_SpecularGlossiness_Body.uasset" 762
"../../../Engine/Plugins/Interchange/Assets/Content/gltf/MaterialBodies/MF_SpecularGlossiness_Body.uexp" 763
"../../../Engine/Plugins/Interchange/Assets/Content/gltf/M_SpecularGlossiness.uasset" 764
"../../../Engine/Plugins/Interchange/Assets/Content/gltf/M_SpecularGlossiness.uexp" 765
"../../../Engine/Plugins/Interchange/Assets/Content/gltf/MaterialInstances/MI_SpecularGlossiness_Blend.uasset" 766
"../../../Engine/Plugins/Interchange/Assets/Content/gltf/MaterialInstances/MI_SpecularGlossiness_Blend.uexp" 767
"../../../Engine/Plugins/Interchange/Assets/Content/gltf/MaterialInstances/MI_SpecularGlossiness_Blend_DS.uasset" 768
"../../../Engine/Plugins/Interchange/Assets/Content/gltf/MaterialInstances/MI_SpecularGlossiness_Blend_DS.uexp" 769
"../../../Engine/Plugins/Interchange/Assets/Content/gltf/MaterialInstances/MI_SpecularGlossiness_Mask.uasset" 770
"../../../Engine/Plugins/Interchange/Assets/Content/gltf/MaterialInstances/MI_SpecularGlossiness_Mask.uexp" 771
"../../../Engine/Plugins/Interchange/Assets/Content/gltf/MaterialInstances/MI_SpecularGlossiness_Mask_DS.uasset" 772
"../../../Engine/Plugins/Interchange/Assets/Content/gltf/MaterialInstances/MI_SpecularGlossiness_Mask_DS.uexp" 773
"../../../Engine/Plugins/Interchange/Assets/Content/gltf/MaterialInstances/MI_SpecularGlossiness_Opaque.uasset" 774
"../../../Engine/Plugins/Interchange/Assets/Content/gltf/MaterialInstances/MI_SpecularGlossiness_Opaque.uexp" 775
"../../../Engine/Plugins/Interchange/Assets/Content/gltf/MaterialInstances/MI_SpecularGlossiness_Opaque_DS.uasset" 776
"../../../Engine/Plugins/Interchange/Assets/Content/gltf/MaterialInstances/MI_SpecularGlossiness_Opaque_DS.uexp" 777
"../../../Engine/Content/EngineMaterials/Good64x64TilingNoiseHighFreq.uasset" 778
"../../../Engine/Content/EngineMaterials/Good64x64TilingNoiseHighFreq.uexp" 779
"../../../Engine/Content/Functions/Engine_MaterialFunctions02/Texturing/ScreenAlignedPixelToPixelUVs.uasset" 780
"../../../Engine/Content/Functions/Engine_MaterialFunctions02/Texturing/ScreenAlignedPixelToPixelUVs.uexp" 781
"../../../Engine/Plugins/Interchange/Assets/Content/gltf/MaterialFunctions/MF_Fresnel_DS.uasset" 782
"../../../Engine/Plugins/Interchange/Assets/Content/gltf/MaterialFunctions/MF_Fresnel_DS.uexp" 783
"../../../Engine/Plugins/Interchange/Assets/Content/gltf/MaterialFunctions/MF_Temporal_Blur.uasset" 784
"../../../Engine/Plugins/Interchange/Assets/Content/gltf/MaterialFunctions/MF_Temporal_Blur.uexp" 785
"../../../Engine/Plugins/Interchange/Assets/Content/gltf/MaterialFunctions/MF_Transmission.uasset" 786
"../../../Engine/Plugins/Interchange/Assets/Content/gltf/MaterialFunctions/MF_Transmission.uexp" 787
"../../../Engine/Plugins/Interchange/Assets/Content/gltf/MaterialBodies/MF_Transmission_Body.uasset" 788
"../../../Engine/Plugins/Interchange/Assets/Content/gltf/MaterialBodies/MF_Transmission_Body.uexp" 789
"../../../Engine/Plugins/Interchange/Assets/Content/gltf/M_Transmission.uasset" 790
"../../../Engine/Plugins/Interchange/Assets/Content/gltf/M_Transmission.uexp" 791
"../../../Engine/Plugins/Interchange/Assets/Content/gltf/MaterialInstances/MI_Transmission.uasset" 792
"../../../Engine/Plugins/Interchange/Assets/Content/gltf/MaterialInstances/MI_Transmission.uexp" 793
"../../../Engine/Plugins/Interchange/Assets/Content/gltf/MaterialInstances/MI_Transmission_DS.uasset" 794
"../../../Engine/Plugins/Interchange/Assets/Content/gltf/MaterialInstances/MI_Transmission_DS.uexp" 795
"../../../Engine/Plugins/Interchange/Assets/Content/gltf/MaterialBodies/MF_Unlit_Body.uasset" 796
"../../../Engine/Plugins/Interchange/Assets/Content/gltf/MaterialBodies/MF_Unlit_Body.uexp" 797
"../../../Engine/Plugins/Interchange/Assets/Content/gltf/M_Unlit.uasset" 798
"../../../Engine/Plugins/Interchange/Assets/Content/gltf/M_Unlit.uexp" 799
"../../../Engine/Plugins/Interchange/Assets/Content/gltf/MaterialInstances/MI_Unlit_Blend.uasset" 800
"../../../Engine/Plugins/Interchange/Assets/Content/gltf/MaterialInstances/MI_Unlit_Blend.uexp" 801
"../../../Engine/Plugins/Interchange/Assets/Content/gltf/MaterialInstances/MI_Unlit_Blend_DS.uasset" 802
"../../../Engine/Plugins/Interchange/Assets/Content/gltf/MaterialInstances/MI_Unlit_Blend_DS.uexp" 803
"../../../Engine/Plugins/Interchange/Assets/Content/gltf/MaterialInstances/MI_Unlit_Mask.uasset" 804
"../../../Engine/Plugins/Interchange/Assets/Content/gltf/MaterialInstances/MI_Unlit_Mask.uexp" 805
"../../../Engine/Plugins/Interchange/Assets/Content/gltf/MaterialInstances/MI_Unlit_Mask_DS.uasset" 806
"../../../Engine/Plugins/Interchange/Assets/Content/gltf/MaterialInstances/MI_Unlit_Mask_DS.uexp" 807
"../../../Engine/Plugins/Interchange/Assets/Content/gltf/MaterialInstances/MI_Unlit_Opaque.uasset" 808
"../../../Engine/Plugins/Interchange/Assets/Content/gltf/MaterialInstances/MI_Unlit_Opaque.uexp" 809
"../../../Engine/Plugins/Interchange/Assets/Content/gltf/MaterialInstances/MI_Unlit_Opaque_DS.uasset" 810
"../../../Engine/Plugins/Interchange/Assets/Content/gltf/MaterialInstances/MI_Unlit_Opaque_DS.uexp" 811
"../../../Engine/Content/EngineMaterials/WeightMapPlaceholderTexture.uasset" 812
"../../../Engine/Content/EngineMaterials/WeightMapPlaceholderTexture.uexp" 813
"../../../Engine/Content/EngineMaterials/WeightMapArrayPlaceholderTexture.uasset" 814
"../../../Engine/Content/EngineMaterials/WeightMapArrayPlaceholderTexture.uexp" 815
"../../../Engine/Content/EngineResources/WhiteSquareTexture.uasset" 816
"../../../Engine/Content/EngineResources/WhiteSquareTexture.uexp" 817
"../../../Engine/Content/EngineMaterials/Widget3DPassThrough.uasset" 818
"../../../Engine/Content/EngineMaterials/Widget3DPassThrough.uexp" 819
"../../../Engine/Content/EngineMaterials/Widget3DPassThrough_Masked.uasset" 820
"../../../Engine/Content/EngineMaterials/Widget3DPassThrough_Masked.uexp" 821
"../../../Engine/Content/EngineMaterials/Widget3DPassThrough_Opaque.uasset" 822
"../../../Engine/Content/EngineMaterials/Widget3DPassThrough_Opaque.uexp" 823
"../../../Engine/Content/EngineMaterials/Widget3DPassThrough_Masked_OneSided.uasset" 824
"../../../Engine/Content/EngineMaterials/Widget3DPassThrough_Masked_OneSided.uexp" 825
"../../../Engine/Content/EngineMaterials/Widget3DPassThrough_Opaque_OneSided.uasset" 826
"../../../Engine/Content/EngineMaterials/Widget3DPassThrough_Opaque_OneSided.uexp" 827
"../../../Engine/Content/EngineMaterials/Widget3DPassThrough_Translucent.uasset" 828
"../../../Engine/Content/EngineMaterials/Widget3DPassThrough_Translucent.uexp" 829
"../../../Engine/Content/EngineMaterials/Widget3DPassThrough_Translucent_OneSided.uasset" 830
"../../../Engine/Content/EngineMaterials/Widget3DPassThrough_Translucent_OneSided.uexp" 831
"../../../Engine/Content/EngineResources/LandscapeVisibilityLayerInfo.uasset" 832
"../../../Engine/Content/EngineResources/LandscapeVisibilityLayerInfo.uexp" 833
"../../../Engine/Content/VREditor/Sounds/UI/Drop_Item_From_ContentBrowser.ubulk" 834
"../../../Engine/Content/VREditor/Sounds/UI/Drop_Item_From_ContentBrowser.uasset" 835
"../../../Engine/Content/VREditor/Sounds/UI/Drop_Item_From_ContentBrowser.uexp" 836
"../../../Engine/Content/VREditor/TransformGizmo/TransformGizmoMaterial_Inst.uasset" 837
"../../../Engine/Content/VREditor/TransformGizmo/TransformGizmoMaterial_Inst.uexp" 838
"../../../Engine/Content/VREditor/TransformGizmo/TranslucentTransformGizmoMaterial_Inst.uasset" 839
"../../../Engine/Content/VREditor/TransformGizmo/TranslucentTransformGizmoMaterial_Inst.uexp" 840
"../../../Engine/Content/Functions/Engine_MaterialFunctions02/SplitComponents.uasset" 841
"../../../Engine/Content/Functions/Engine_MaterialFunctions02/SplitComponents.uexp" 842
"../../../Engine/Content/VREditor/SnapGrid/SnapGridMaterial.uasset" 843
"../../../Engine/Content/VREditor/SnapGrid/SnapGridMaterial.uexp" 844
"../../../Engine/Content/VREditor/SnapGrid/SnapGridPlaneMesh.ubulk" 845
"../../../Engine/Content/VREditor/SnapGrid/SnapGridPlaneMesh.uasset" 846
"../../../Engine/Content/VREditor/SnapGrid/SnapGridPlaneMesh.uexp" 847
"../../../Engine/Content/VREditor/Sounds/UI/Gizmo_Handle_Clicked.ubulk" 848
"../../../Engine/Content/VREditor/Sounds/UI/Gizmo_Handle_Clicked.uasset" 849
"../../../Engine/Content/VREditor/Sounds/UI/Gizmo_Handle_Clicked.uexp" 850
"../../../Engine/Content/VREditor/Sounds/UI/Object_PickUp.ubulk" 851
"../../../Engine/Content/VREditor/Sounds/UI/Object_PickUp.uasset" 852
"../../../Engine/Content/VREditor/Sounds/UI/Object_PickUp.uexp" 853
"../../../Engine/Content/VREditor/Sounds/UI/Object_Snaps_To_Another_Actor.ubulk" 854
"../../../Engine/Content/VREditor/Sounds/UI/Object_Snaps_To_Another_Actor.uasset" 855
"../../../Engine/Content/VREditor/Sounds/UI/Object_Snaps_To_Another_Actor.uexp" 856
"../../../Engine/Content/VREditor/Sounds/UI/Object_Snaps_To_Grid.ubulk" 857
"../../../Engine/Content/VREditor/Sounds/UI/Object_Snaps_To_Grid.uasset" 858
"../../../Engine/Content/VREditor/Sounds/UI/Object_Snaps_To_Grid.uexp" 859
"../../../Engine/Content/VREditor/Sounds/UI/Scaling_Down.ubulk" 860
"../../../Engine/Content/VREditor/Sounds/UI/Scaling_Down.uasset" 861
"../../../Engine/Content/VREditor/Sounds/UI/Scaling_Down.uexp" 862
"../../../Engine/Content/VREditor/Sounds/UI/Scaling_Up.ubulk" 863
"../../../Engine/Content/VREditor/Sounds/UI/Scaling_Up.uasset" 864
"../../../Engine/Content/VREditor/Sounds/UI/Scaling_Up.uexp" 865
"../../../Engine/Content/VREditor/Sounds/UI/Selection_Changes.ubulk" 866
"../../../Engine/Content/VREditor/Sounds/UI/Selection_Changes.uasset" 867
"../../../Engine/Content/VREditor/Sounds/UI/Selection_Changes.uexp" 868
"../../../Engine/Content/VREditor/TransformGizmo/PlaneTranslationHandle.ubulk" 869
"../../../Engine/Content/VREditor/TransformGizmo/PlaneTranslationHandle.uasset" 870
"../../../Engine/Content/VREditor/TransformGizmo/PlaneTranslationHandle.uexp" 871
"../../../Engine/Content/VREditor/TransformGizmo/RotationHandleFull.ubulk" 872
"../../../Engine/Content/VREditor/TransformGizmo/RotationHandleFull.uasset" 873
"../../../Engine/Content/VREditor/TransformGizmo/RotationHandleFull.uexp" 874
"../../../Engine/Content/VREditor/TransformGizmo/RotationHandleIndicator.ubulk" 875
"../../../Engine/Content/VREditor/TransformGizmo/RotationHandleIndicator.uasset" 876
"../../../Engine/Content/VREditor/TransformGizmo/RotationHandleIndicator.uexp" 877
"../../../Engine/Content/VREditor/TransformGizmo/RotationHandleQuarter.ubulk" 878
"../../../Engine/Content/VREditor/TransformGizmo/RotationHandleQuarter.uasset" 879
"../../../Engine/Content/VREditor/TransformGizmo/RotationHandleQuarter.uexp" 880
"../../../Engine/Content/VREditor/TransformGizmo/StartRotationHandleIndicator.ubulk" 881
"../../../Engine/Content/VREditor/TransformGizmo/StartRotationHandleIndicator.uasset" 882
"../../../Engine/Content/VREditor/TransformGizmo/StartRotationHandleIndicator.uexp" 883
"../../../Engine/Content/VREditor/TransformGizmo/TransformGizmoFreeRotation.ubulk" 884
"../../../Engine/Content/VREditor/TransformGizmo/TransformGizmoFreeRotation.uasset" 885
"../../../Engine/Content/VREditor/TransformGizmo/TransformGizmoFreeRotation.uexp" 886
"../../../Engine/Content/VREditor/TransformGizmo/TranslateArrowHandle.ubulk" 887
"../../../Engine/Content/VREditor/TransformGizmo/TranslateArrowHandle.uasset" 888
"../../../Engine/Content/VREditor/TransformGizmo/TranslateArrowHandle.uexp" 889
"../../../Engine/Content/VREditor/TransformGizmo/UniformScaleHandle.ubulk" 890
"../../../Engine/Content/VREditor/TransformGizmo/UniformScaleHandle.uasset" 891
"../../../Engine/Content/VREditor/TransformGizmo/UniformScaleHandle.uexp" 892
"../../../Engine/Content/EditorLandscapeResources/ColorMaskBrushMaterial.uasset" 893
"../../../Engine/Content/EditorLandscapeResources/ColorMaskBrushMaterial.uexp" 894
"../../../Engine/Content/EditorLandscapeResources/ColorMaskBrushMaterial_MaskedRegion.uasset" 895
"../../../Engine/Content/EditorLandscapeResources/ColorMaskBrushMaterial_MaskedRegion.uexp" 896
"../../../Engine/Content/Functions/Engine_MaterialFunctions03/Math/WithinRangeFloat2.uasset" 897
"../../../Engine/Content/Functions/Engine_MaterialFunctions03/Math/WithinRangeFloat2.uexp" 898
"../../../Engine/Content/EditorLandscapeResources/MaskBrushMaterial.uasset" 899
"../../../Engine/Content/EditorLandscapeResources/MaskBrushMaterial.uexp" 900
"../../../Engine/Content/EditorLandscapeResources/MaskBrushMaterial_MaskedRegion.uasset" 901
"../../../Engine/Content/EditorLandscapeResources/MaskBrushMaterial_MaskedRegion.uexp" 902
"../../../Engine/Content/EditorLandscapeResources/SelectBrushMaterial.uasset" 903
"../../../Engine/Content/EditorLandscapeResources/SelectBrushMaterial.uexp" 904
"../../../Engine/Content/EditorLandscapeResources/SelectBrushMaterial_Selected.uasset" 905
"../../../Engine/Content/EditorLandscapeResources/SelectBrushMaterial_Selected.uexp" 906
"../../../Engine/Content/EditorLandscapeResources/SelectBrushMaterial_SelectedRegion.uasset" 907
"../../../Engine/Content/EditorLandscapeResources/SelectBrushMaterial_SelectedRegion.uexp" 908
"../../../Engine/Plugins/NNE/NNEDenoiser/Content/NNE_oidn2-3-0_rt_hdr_alb_nrm_small__dyn__fp16_opset11_DenoiseAlpha.uasset" 909
"../../../Engine/Plugins/NNE/NNEDenoiser/Content/NNE_oidn2-3-0_rt_hdr_alb_nrm_small__dyn__fp16_opset11_DenoiseAlpha.uexp" 910
"../../../Engine/Plugins/NNE/NNEDenoiser/Content/NNE_oidn2-3-0_rt_hdr_alb_nrm_small__dyn__fp16_opset11_ForwardAlpha.uasset" 911
"../../../Engine/Plugins/NNE/NNEDenoiser/Content/NNE_oidn2-3-0_rt_hdr_alb_nrm_small__dyn__fp16_opset11_ForwardAlpha.uexp" 912
"../../../Engine/Plugins/NNE/NNEDenoiser/Content/NNE_oidn2-3-0_rt_hdr_alb_nrm__dyn__fp16_opset11_DenoiseAlpha.uasset" 913
"../../../Engine/Plugins/NNE/NNEDenoiser/Content/NNE_oidn2-3-0_rt_hdr_alb_nrm__dyn__fp16_opset11_DenoiseAlpha.uexp" 914
"../../../Engine/Plugins/NNE/NNEDenoiser/Content/NNE_oidn2-3-0_rt_hdr_alb_nrm__dyn__fp16_opset11_ForwardAlpha.uasset" 915
"../../../Engine/Plugins/NNE/NNEDenoiser/Content/NNE_oidn2-3-0_rt_hdr_alb_nrm__dyn__fp16_opset11_ForwardAlpha.uexp" 916
"../../../Engine/Plugins/NNE/NNEDenoiser/Content/NNE_oidn2-3-0_rt_hdr_calb_cnrm_large__dyn__fp16_opset11_DenoiseAlpha.uasset" 917
"../../../Engine/Plugins/NNE/NNEDenoiser/Content/NNE_oidn2-3-0_rt_hdr_calb_cnrm_large__dyn__fp16_opset11_DenoiseAlpha.uexp" 918
"../../../Engine/Plugins/NNE/NNEDenoiser/Content/NNE_oidn2-3-0_rt_hdr_calb_cnrm_large__dyn__fp16_opset11_ForwardAlpha.uasset" 919
"../../../Engine/Plugins/NNE/NNEDenoiser/Content/NNE_oidn2-3-0_rt_hdr_calb_cnrm_large__dyn__fp16_opset11_ForwardAlpha.uexp" 920
"../../../Engine/Plugins/2D/Paper2D/Content/DefaultSpriteMaterial.uasset" 921
"../../../Engine/Plugins/2D/Paper2D/Content/DefaultSpriteMaterial.uexp" 922
"../../../Engine/Plugins/2D/Paper2D/Content/MaskedUnlitSpriteMaterial.uasset" 923
"../../../Engine/Plugins/2D/Paper2D/Content/MaskedUnlitSpriteMaterial.uexp" 924
"../../../Engine/Plugins/2D/Paper2D/Content/OpaqueUnlitSpriteMaterial.uasset" 925
"../../../Engine/Plugins/2D/Paper2D/Content/OpaqueUnlitSpriteMaterial.uexp" 926
"../../../Engine/Plugins/Animation/DeformerGraph/Content/DeformerFunctions/DG_Function_LinearBlendSkin_Morph_Cloth.uasset" 927
"../../../Engine/Plugins/Animation/DeformerGraph/Content/DeformerFunctions/DG_Function_LinearBlendSkin_Morph_Cloth.uexp" 928
"../../../Engine/Plugins/Animation/DeformerGraph/Content/Deformers/DG_LinearBlendSkin_Morph_Cloth.uasset" 929
"../../../Engine/Plugins/Animation/DeformerGraph/Content/Deformers/DG_LinearBlendSkin_Morph_Cloth.uexp" 930
"../../../Engine/Plugins/Animation/DeformerGraph/Content/DeformerFunctions/DG_Function_LinearBlendSkin_Morph_Cloth_PositionOnly.uasset" 931
"../../../Engine/Plugins/Animation/DeformerGraph/Content/DeformerFunctions/DG_Function_LinearBlendSkin_Morph_Cloth_PositionOnly.uexp" 932
"../../../Engine/Plugins/Animation/DeformerGraph/Content/DeformerFunctions/DG_Function_ComputeNormalsTangents.uasset" 933
"../../../Engine/Plugins/Animation/DeformerGraph/Content/DeformerFunctions/DG_Function_ComputeNormalsTangents.uexp" 934
"../../../Engine/Plugins/Animation/DeformerGraph/Content/Deformers/DG_LinearBlendSkin_Morph_Cloth_RecomputeNormals.uasset" 935
"../../../Engine/Plugins/Animation/DeformerGraph/Content/Deformers/DG_LinearBlendSkin_Morph_Cloth_RecomputeNormals.uexp" 936
"../../../Engine/Plugins/NNE/NNEDenoiser/Content/NNEDT_Oidn2-3_Balanced.uasset" 937
"../../../Engine/Plugins/NNE/NNEDenoiser/Content/NNEDT_Oidn2-3_Balanced.uexp" 938
"../../../Engine/Plugins/NNE/NNEDenoiser/Content/NNEDT_Oidn2-3_Balanced_Alpha.uasset" 939
"../../../Engine/Plugins/NNE/NNEDenoiser/Content/NNEDT_Oidn2-3_Balanced_Alpha.uexp" 940
"../../../Engine/Plugins/NNE/NNEDenoiser/Content/NNED_Oidn2-3_Balanced.uasset" 941
"../../../Engine/Plugins/NNE/NNEDenoiser/Content/NNED_Oidn2-3_Balanced.uexp" 942
"../../../Engine/Plugins/NNE/NNEDenoiser/Content/NNED_Oidn2-3_Balanced_Alpha.uasset" 943
"../../../Engine/Plugins/NNE/NNEDenoiser/Content/NNED_Oidn2-3_Balanced_Alpha.uexp" 944
"../../../Engine/Plugins/NNE/NNEDenoiser/Content/NNED_Oidn2-3_Fast.uasset" 945
"../../../Engine/Plugins/NNE/NNEDenoiser/Content/NNED_Oidn2-3_Fast.uexp" 946
"../../../Engine/Plugins/NNE/NNEDenoiser/Content/NNED_Oidn2-3_Fast_Alpha.uasset" 947
"../../../Engine/Plugins/NNE/NNEDenoiser/Content/NNED_Oidn2-3_Fast_Alpha.uexp" 948
"../../../Engine/Plugins/NNE/NNEDenoiser/Content/NNED_Oidn2-3_HighQuality.uasset" 949
"../../../Engine/Plugins/NNE/NNEDenoiser/Content/NNED_Oidn2-3_HighQuality.uexp" 950
"../../../Engine/Plugins/NNE/NNEDenoiser/Content/NNED_Oidn2-3_HighQuality_Alpha.uasset" 951
"../../../Engine/Plugins/NNE/NNEDenoiser/Content/NNED_Oidn2-3_HighQuality_Alpha.uexp" 952
"../../../Engine/Content/Maps/Entry_BuiltData.uasset" 953
"../../../Engine/Content/Maps/Entry_BuiltData.uexp" 954
"../../../Engine/Content/Maps/Entry.uexp" 955
"../../../Engine/Content/Maps/Entry.umap" 956
"../../../Engine/Content/MapTemplates/SM_Template_Map_Floor.ubulk" 957
"../../../Engine/Content/MapTemplates/SM_Template_Map_Floor.uasset" 958
"../../../Engine/Content/MapTemplates/SM_Template_Map_Floor.uexp" 959
"../../../Engine/Content/EngineSky/T_Sky_Stars.ubulk" 960
"../../../Engine/Content/EngineSky/T_Sky_Stars.uasset" 961
"../../../Engine/Content/EngineSky/T_Sky_Stars.uexp" 962
"../../../Engine/Content/EngineSky/T_Sky_Clouds_M.ubulk" 963
"../../../Engine/Content/EngineSky/T_Sky_Clouds_M.uasset" 964
"../../../Engine/Content/EngineSky/T_Sky_Clouds_M.uexp" 965
"../../../Engine/Content/EngineSky/T_Sky_Blue.ubulk" 966
"../../../Engine/Content/EngineSky/T_Sky_Blue.uasset" 967
"../../../Engine/Content/EngineSky/T_Sky_Blue.uexp" 968
"../../../Engine/Content/EngineSky/M_Sky_Panning_Clouds2.uasset" 969
"../../../Engine/Content/EngineSky/M_Sky_Panning_Clouds2.uexp" 970
"../../../Engine/Content/EngineSky/SM_SkySphere.ubulk" 971
"../../../Engine/Content/EngineSky/SM_SkySphere.uasset" 972
"../../../Engine/Content/EngineSky/SM_SkySphere.uexp" 973
"../../../Engine/Content/EngineSky/M_SimpleSkyDome.uasset" 974
"../../../Engine/Content/EngineSky/M_SimpleSkyDome.uexp" 975
"../../../Engine/Content/EngineSky/VolumetricClouds/VT_PerlinWorley_Balanced.uasset" 976
"../../../Engine/Content/EngineSky/VolumetricClouds/VT_PerlinWorley_Balanced.uexp" 977
"../../../Engine/Content/EngineSky/VolumetricClouds/T_Profile_08.ubulk" 978
"../../../Engine/Content/EngineSky/VolumetricClouds/T_Profile_08.uasset" 979
"../../../Engine/Content/EngineSky/VolumetricClouds/T_Profile_08.uexp" 980
"../../../Engine/Content/EngineSky/VolumetricClouds/T_CloudPattern.ubulk" 981
"../../../Engine/Content/EngineSky/VolumetricClouds/T_CloudPattern.uasset" 982
"../../../Engine/Content/EngineSky/VolumetricClouds/T_CloudPattern.uexp" 983
"../../../Engine/Content/EngineSky/VolumetricClouds/T_CloudMask.ubulk" 984
"../../../Engine/Content/EngineSky/VolumetricClouds/T_CloudMask.uasset" 985
"../../../Engine/Content/EngineSky/VolumetricClouds/T_CloudMask.uexp" 986
"../../../Engine/Content/Functions/Engine_MaterialFunctions02/Utility/BreakOutFloat4Components.uasset" 987
"../../../Engine/Content/Functions/Engine_MaterialFunctions02/Utility/BreakOutFloat4Components.uexp" 988
"../../../Engine/Content/Functions/Engine_MaterialFunctions02/Utility/MakeFloat4.uasset" 989
"../../../Engine/Content/Functions/Engine_MaterialFunctions02/Utility/MakeFloat4.uexp" 990
"../../../Engine/Content/Functions/Engine_MaterialFunctions01/Units/Km-to-Cm.uasset" 991
"../../../Engine/Content/Functions/Engine_MaterialFunctions01/Units/Km-to-Cm.uexp" 992
"../../../Engine/Content/EngineSky/VolumetricClouds/VT_Lightning.uasset" 993
"../../../Engine/Content/EngineSky/VolumetricClouds/VT_Lightning.uexp" 994
"../../../Engine/Content/EngineResources/DefaultVolumeTexture2D.uasset" 995
"../../../Engine/Content/EngineResources/DefaultVolumeTexture2D.uexp" 996
"../../../Engine/Content/EngineResources/DefaultVolumeTexture.uasset" 997
"../../../Engine/Content/EngineResources/DefaultVolumeTexture.uexp" 998
"../../../Engine/Content/EngineSky/VolumetricClouds/m_SimpleVolumetricCloud.uasset" 999
"../../../Engine/Content/EngineSky/VolumetricClouds/m_SimpleVolumetricCloud.uexp" 1000
"../../../Engine/Content/EngineSky/VolumetricClouds/m_SimpleVolumetricCloud_Inst.uasset" 1001
"../../../Engine/Content/EngineSky/VolumetricClouds/m_SimpleVolumetricCloud_Inst.uexp" 1002
"../../../Engine/Content/EngineMaterials/BlendFunc_DefBlend.uasset" 1003
"../../../Engine/Content/EngineMaterials/BlendFunc_DefBlend.uexp" 1004
"../../../Engine/Content/EngineMaterials/BlendFunc_DefBase.uasset" 1005
"../../../Engine/Content/EngineMaterials/BlendFunc_DefBase.uexp" 1006
"../../../Engine/Content/Functions/Engine_MaterialFunctions03/Blends/Blend_Overlay.uasset" 1007
"../../../Engine/Content/Functions/Engine_MaterialFunctions03/Blends/Blend_Overlay.uexp" 1008
"../../../Engine/Content/Functions/Engine_MaterialFunctions01/Gradient/LinearGradient.uasset" 1009
"../../../Engine/Content/Functions/Engine_MaterialFunctions01/Gradient/LinearGradient.uexp" 1010
"../../../Engine/Content/Functions/Engine_MaterialFunctions01/ImageAdjustment/CheapContrast.uasset" 1011
"../../../Engine/Content/Functions/Engine_MaterialFunctions01/ImageAdjustment/CheapContrast.uexp" 1012
"../../../Engine/Content/OpenWorldTemplate/LandscapeMaterial/T_GridChecker_A.ubulk" 1013
"../../../Engine/Content/OpenWorldTemplate/LandscapeMaterial/T_GridChecker_A.uasset" 1014
"../../../Engine/Content/OpenWorldTemplate/LandscapeMaterial/T_GridChecker_A.uexp" 1015
"../../../Engine/Content/OpenWorldTemplate/LandscapeMaterial/MF_ProcGrid.uasset" 1016
"../../../Engine/Content/OpenWorldTemplate/LandscapeMaterial/MF_ProcGrid.uexp" 1017
"../../../Engine/Content/OpenWorldTemplate/LandscapeMaterial/M_ProcGrid.uasset" 1018
"../../../Engine/Content/OpenWorldTemplate/LandscapeMaterial/M_ProcGrid.uexp" 1019
"../../../Engine/Content/OpenWorldTemplate/LandscapeMaterial/MI_ProcGrid.uasset" 1020
"../../../Engine/Content/OpenWorldTemplate/LandscapeMaterial/MI_ProcGrid.uexp" 1021
"D:/Usefull Stuff I Use/Uni stuff/Third Year/CoLab5/Game/CoLab5-Pigeon-Game/EggRollMechanicTest/Content/BP/BP_GIManager.uasset" 1022
"D:/Usefull Stuff I Use/Uni stuff/Third Year/CoLab5/Game/CoLab5-Pigeon-Game/EggRollMechanicTest/Content/BP/BP_GIManager.uexp" 1023
"D:/Usefull Stuff I Use/Uni stuff/Third Year/CoLab5/Game/CoLab5-Pigeon-Game/EggRollMechanicTest/Content/IzzyUI/Roll_The_Egg_Title.uasset" 1024
"D:/Usefull Stuff I Use/Uni stuff/Third Year/CoLab5/Game/CoLab5-Pigeon-Game/EggRollMechanicTest/Content/IzzyUI/Roll_The_Egg_Title.uexp" 1025
"D:/Usefull Stuff I Use/Uni stuff/Third Year/CoLab5/Game/CoLab5-Pigeon-Game/EggRollMechanicTest/Content/IzzyUI/E0F8441D-9B08-4B73-A3AD-14ED45D57AEF.uasset" 1026
"D:/Usefull Stuff I Use/Uni stuff/Third Year/CoLab5/Game/CoLab5-Pigeon-Game/EggRollMechanicTest/Content/IzzyUI/E0F8441D-9B08-4B73-A3AD-14ED45D57AEF.uexp" 1027
"D:/Usefull Stuff I Use/Uni stuff/Third Year/CoLab5/Game/CoLab5-Pigeon-Game/EggRollMechanicTest/Content/IzzyUI/C6FDBB43-134C-4134-8F1E-335FDB4D53EF.uasset" 1028
"D:/Usefull Stuff I Use/Uni stuff/Third Year/CoLab5/Game/CoLab5-Pigeon-Game/EggRollMechanicTest/Content/IzzyUI/C6FDBB43-134C-4134-8F1E-335FDB4D53EF.uexp" 1029
"D:/Usefull Stuff I Use/Uni stuff/Third Year/CoLab5/Game/CoLab5-Pigeon-Game/EggRollMechanicTest/Content/IzzyUI/8DAD8A4D-93DB-4D05-A469-96ABA2FBDC7C.uasset" 1030
"D:/Usefull Stuff I Use/Uni stuff/Third Year/CoLab5/Game/CoLab5-Pigeon-Game/EggRollMechanicTest/Content/IzzyUI/8DAD8A4D-93DB-4D05-A469-96ABA2FBDC7C.uexp" 1031
"D:/Usefull Stuff I Use/Uni stuff/Third Year/CoLab5/Game/CoLab5-Pigeon-Game/EggRollMechanicTest/Content/IzzyUI/7990D8CB-F041-4440-999A-EBEBB34D5017.uasset" 1032
"D:/Usefull Stuff I Use/Uni stuff/Third Year/CoLab5/Game/CoLab5-Pigeon-Game/EggRollMechanicTest/Content/IzzyUI/7990D8CB-F041-4440-999A-EBEBB34D5017.uexp" 1033
"D:/Usefull Stuff I Use/Uni stuff/Third Year/CoLab5/Game/CoLab5-Pigeon-Game/EggRollMechanicTest/Content/IzzyUI/6DB31558-33A0-4043-8D68-0118F7757A32.uasset" 1034
"D:/Usefull Stuff I Use/Uni stuff/Third Year/CoLab5/Game/CoLab5-Pigeon-Game/EggRollMechanicTest/Content/IzzyUI/6DB31558-33A0-4043-8D68-0118F7757A32.uexp" 1035
"D:/Usefull Stuff I Use/Uni stuff/Third Year/CoLab5/Game/CoLab5-Pigeon-Game/EggRollMechanicTest/Content/IzzyUI/58844247-DB1A-490E-913C-7F46556260CE.uasset" 1036
"D:/Usefull Stuff I Use/Uni stuff/Third Year/CoLab5/Game/CoLab5-Pigeon-Game/EggRollMechanicTest/Content/IzzyUI/58844247-DB1A-490E-913C-7F46556260CE.uexp" 1037
"D:/Usefull Stuff I Use/Uni stuff/Third Year/CoLab5/Game/CoLab5-Pigeon-Game/EggRollMechanicTest/Content/IzzyUI/2270E766-99ED-4781-A878-4A29ED4E3542.uasset" 1038
"D:/Usefull Stuff I Use/Uni stuff/Third Year/CoLab5/Game/CoLab5-Pigeon-Game/EggRollMechanicTest/Content/IzzyUI/2270E766-99ED-4781-A878-4A29ED4E3542.uexp" 1039
"D:/Usefull Stuff I Use/Uni stuff/Third Year/CoLab5/Game/CoLab5-Pigeon-Game/EggRollMechanicTest/Content/BP/UI/Selection_StartScreen.uasset" 1040
"D:/Usefull Stuff I Use/Uni stuff/Third Year/CoLab5/Game/CoLab5-Pigeon-Game/EggRollMechanicTest/Content/BP/UI/Selection_StartScreen.uexp" 1041
"D:/Usefull Stuff I Use/Uni stuff/Third Year/CoLab5/Game/CoLab5-Pigeon-Game/EggRollMechanicTest/Content/BP/UI/WBP_StartMenu.uasset" 1042
"D:/Usefull Stuff I Use/Uni stuff/Third Year/CoLab5/Game/CoLab5-Pigeon-Game/EggRollMechanicTest/Content/BP/UI/WBP_StartMenu.uexp" 1043
"D:/Usefull Stuff I Use/Uni stuff/Third Year/CoLab5/Game/CoLab5-Pigeon-Game/EggRollMechanicTest/Content/Levels/Menu_lvl.uexp" 1044
"D:/Usefull Stuff I Use/Uni stuff/Third Year/CoLab5/Game/CoLab5-Pigeon-Game/EggRollMechanicTest/Content/Levels/Menu_lvl.umap" 1045
"../../../Engine/Content/BasicShapes/Cube.ubulk" 1046
"../../../Engine/Content/BasicShapes/Cube.uasset" 1047
"../../../Engine/Content/BasicShapes/Cube.uexp" 1048
"../../../Engine/Content/BasicShapes/Sphere.ubulk" 1049
"../../../Engine/Content/BasicShapes/Sphere.uasset" 1050
"../../../Engine/Content/BasicShapes/Sphere.uexp" 1051
"../../../Engine/Content/BasicShapes/BasicShapeMaterial.uasset" 1052
"../../../Engine/Content/BasicShapes/BasicShapeMaterial.uexp" 1053
"D:/Usefull Stuff I Use/Uni stuff/Third Year/CoLab5/Game/CoLab5-Pigeon-Game/EggRollMechanicTest/Content/Materials/M_MovementPreviewSpace.uasset" 1054
"D:/Usefull Stuff I Use/Uni stuff/Third Year/CoLab5/Game/CoLab5-Pigeon-Game/EggRollMechanicTest/Content/Materials/M_MovementPreviewSpace.uexp" 1055
"D:/Usefull Stuff I Use/Uni stuff/Third Year/CoLab5/Game/CoLab5-Pigeon-Game/EggRollMechanicTest/Content/Materials/M_MovementPreviewBlocking.uasset" 1056
"D:/Usefull Stuff I Use/Uni stuff/Third Year/CoLab5/Game/CoLab5-Pigeon-Game/EggRollMechanicTest/Content/Materials/M_MovementPreviewBlocking.uexp" 1057
"D:/Usefull Stuff I Use/Uni stuff/Third Year/CoLab5/Game/CoLab5-Pigeon-Game/EggRollMechanicTest/Content/BP/Draggables/BP_MoveableObjectBase.uasset" 1058
"D:/Usefull Stuff I Use/Uni stuff/Third Year/CoLab5/Game/CoLab5-Pigeon-Game/EggRollMechanicTest/Content/BP/Draggables/BP_MoveableObjectBase.uexp" 1059
"D:/Usefull Stuff I Use/Uni stuff/Third Year/CoLab5/Game/CoLab5-Pigeon-Game/EggRollMechanicTest/Content/BP/BP_EditCamPlayer.uasset" 1060
"D:/Usefull Stuff I Use/Uni stuff/Third Year/CoLab5/Game/CoLab5-Pigeon-Game/EggRollMechanicTest/Content/BP/BP_EditCamPlayer.uexp" 1061
"D:/Usefull Stuff I Use/Uni stuff/Third Year/CoLab5/Game/CoLab5-Pigeon-Game/EggRollMechanicTest/Content/Meshes/SM_Star.ubulk" 1062
"D:/Usefull Stuff I Use/Uni stuff/Third Year/CoLab5/Game/CoLab5-Pigeon-Game/EggRollMechanicTest/Content/Meshes/SM_Star.uasset" 1063
"D:/Usefull Stuff I Use/Uni stuff/Third Year/CoLab5/Game/CoLab5-Pigeon-Game/EggRollMechanicTest/Content/Meshes/SM_Star.uexp" 1064
"D:/Usefull Stuff I Use/Uni stuff/Third Year/CoLab5/Game/CoLab5-Pigeon-Game/EggRollMechanicTest/Content/Materials/M_Star.uasset" 1065
"D:/Usefull Stuff I Use/Uni stuff/Third Year/CoLab5/Game/CoLab5-Pigeon-Game/EggRollMechanicTest/Content/Materials/M_Star.uexp" 1066
"D:/Usefull Stuff I Use/Uni stuff/Third Year/CoLab5/Game/CoLab5-Pigeon-Game/EggRollMechanicTest/Content/BP/BP_StarObjective.uasset" 1067
"D:/Usefull Stuff I Use/Uni stuff/Third Year/CoLab5/Game/CoLab5-Pigeon-Game/EggRollMechanicTest/Content/BP/BP_StarObjective.uexp" 1068
"D:/Usefull Stuff I Use/Uni stuff/Third Year/CoLab5/Game/CoLab5-Pigeon-Game/EggRollMechanicTest/Content/IzzyUI/D77B76CE-8782-43A8-97E7-EBD9D8DE2F5D.uasset" 1069
"D:/Usefull Stuff I Use/Uni stuff/Third Year/CoLab5/Game/CoLab5-Pigeon-Game/EggRollMechanicTest/Content/IzzyUI/D77B76CE-8782-43A8-97E7-EBD9D8DE2F5D.uexp" 1070
"D:/Usefull Stuff I Use/Uni stuff/Third Year/CoLab5/Game/CoLab5-Pigeon-Game/EggRollMechanicTest/Content/IzzyUI/8657099E-BF7C-433B-A037-D1D87699CC25.uasset" 1071
"D:/Usefull Stuff I Use/Uni stuff/Third Year/CoLab5/Game/CoLab5-Pigeon-Game/EggRollMechanicTest/Content/IzzyUI/8657099E-BF7C-433B-A037-D1D87699CC25.uexp" 1072
"D:/Usefull Stuff I Use/Uni stuff/Third Year/CoLab5/Game/CoLab5-Pigeon-Game/EggRollMechanicTest/Content/IzzyUI/59DA82C6-0F0E-49C9-B6A9-3A9FB96CE8EB.uasset" 1073
"D:/Usefull Stuff I Use/Uni stuff/Third Year/CoLab5/Game/CoLab5-Pigeon-Game/EggRollMechanicTest/Content/IzzyUI/59DA82C6-0F0E-49C9-B6A9-3A9FB96CE8EB.uexp" 1074
"D:/Usefull Stuff I Use/Uni stuff/Third Year/CoLab5/Game/CoLab5-Pigeon-Game/EggRollMechanicTest/Content/BP/UI/FailScreen.uasset" 1075
"D:/Usefull Stuff I Use/Uni stuff/Third Year/CoLab5/Game/CoLab5-Pigeon-Game/EggRollMechanicTest/Content/BP/UI/FailScreen.uexp" 1076
"D:/Usefull Stuff I Use/Uni stuff/Third Year/CoLab5/Game/CoLab5-Pigeon-Game/EggRollMechanicTest/Content/BP/UI/WBP_FailScreen.uasset" 1077
"D:/Usefull Stuff I Use/Uni stuff/Third Year/CoLab5/Game/CoLab5-Pigeon-Game/EggRollMechanicTest/Content/BP/UI/WBP_FailScreen.uexp" 1078
"D:/Usefull Stuff I Use/Uni stuff/Third Year/CoLab5/Game/CoLab5-Pigeon-Game/EggRollMechanicTest/Content/IzzyUI/C4619A67-FB4D-4600-B0AB-14D4D9CBA734.uasset" 1079
"D:/Usefull Stuff I Use/Uni stuff/Third Year/CoLab5/Game/CoLab5-Pigeon-Game/EggRollMechanicTest/Content/IzzyUI/C4619A67-FB4D-4600-B0AB-14D4D9CBA734.uexp" 1080
"D:/Usefull Stuff I Use/Uni stuff/Third Year/CoLab5/Game/CoLab5-Pigeon-Game/EggRollMechanicTest/Content/BP/UI/WBP_ScreenOverlay.uasset" 1081
"D:/Usefull Stuff I Use/Uni stuff/Third Year/CoLab5/Game/CoLab5-Pigeon-Game/EggRollMechanicTest/Content/BP/UI/WBP_ScreenOverlay.uexp" 1082
"D:/Usefull Stuff I Use/Uni stuff/Third Year/CoLab5/Game/CoLab5-Pigeon-Game/EggRollMechanicTest/Content/BP/UI/VictoryScreen.uasset" 1083
"D:/Usefull Stuff I Use/Uni stuff/Third Year/CoLab5/Game/CoLab5-Pigeon-Game/EggRollMechanicTest/Content/BP/UI/VictoryScreen.uexp" 1084
"D:/Usefull Stuff I Use/Uni stuff/Third Year/CoLab5/Game/CoLab5-Pigeon-Game/EggRollMechanicTest/Content/BP/UI/WBP_VictoryScreen.uasset" 1085
"D:/Usefull Stuff I Use/Uni stuff/Third Year/CoLab5/Game/CoLab5-Pigeon-Game/EggRollMechanicTest/Content/BP/UI/WBP_VictoryScreen.uexp" 1086
"D:/Usefull Stuff I Use/Uni stuff/Third Year/CoLab5/Game/CoLab5-Pigeon-Game/EggRollMechanicTest/Content/BP/BP_GameplayManager.uasset" 1087
"D:/Usefull Stuff I Use/Uni stuff/Third Year/CoLab5/Game/CoLab5-Pigeon-Game/EggRollMechanicTest/Content/BP/BP_GameplayManager.uexp" 1088
"D:/Usefull Stuff I Use/Uni stuff/Third Year/CoLab5/Game/CoLab5-Pigeon-Game/EggRollMechanicTest/Content/IzzyEgg/EGGNORMALS.ubulk" 1089
"D:/Usefull Stuff I Use/Uni stuff/Third Year/CoLab5/Game/CoLab5-Pigeon-Game/EggRollMechanicTest/Content/IzzyEgg/EGGNORMALS.uasset" 1090
"D:/Usefull Stuff I Use/Uni stuff/Third Year/CoLab5/Game/CoLab5-Pigeon-Game/EggRollMechanicTest/Content/IzzyEgg/EGGNORMALS.uexp" 1091
"D:/Usefull Stuff I Use/Uni stuff/Third Year/CoLab5/Game/CoLab5-Pigeon-Game/EggRollMechanicTest/Content/IzzyEgg/EGGNORM.ubulk" 1092
"D:/Usefull Stuff I Use/Uni stuff/Third Year/CoLab5/Game/CoLab5-Pigeon-Game/EggRollMechanicTest/Content/IzzyEgg/EGGNORM.uasset" 1093
"D:/Usefull Stuff I Use/Uni stuff/Third Year/CoLab5/Game/CoLab5-Pigeon-Game/EggRollMechanicTest/Content/IzzyEgg/EGGNORM.uexp" 1094
"D:/Usefull Stuff I Use/Uni stuff/Third Year/CoLab5/Game/CoLab5-Pigeon-Game/EggRollMechanicTest/Content/IzzyEgg/M_EggDefult.uasset" 1095
"D:/Usefull Stuff I Use/Uni stuff/Third Year/CoLab5/Game/CoLab5-Pigeon-Game/EggRollMechanicTest/Content/IzzyEgg/M_EggDefult.uexp" 1096
"D:/Usefull Stuff I Use/Uni stuff/Third Year/CoLab5/Game/CoLab5-Pigeon-Game/EggRollMechanicTest/Content/IzzyEgg/EGGCRACK3.ubulk" 1097
"D:/Usefull Stuff I Use/Uni stuff/Third Year/CoLab5/Game/CoLab5-Pigeon-Game/EggRollMechanicTest/Content/IzzyEgg/EGGCRACK3.uasset" 1098
"D:/Usefull Stuff I Use/Uni stuff/Third Year/CoLab5/Game/CoLab5-Pigeon-Game/EggRollMechanicTest/Content/IzzyEgg/EGGCRACK3.uexp" 1099
"D:/Usefull Stuff I Use/Uni stuff/Third Year/CoLab5/Game/CoLab5-Pigeon-Game/EggRollMechanicTest/Content/IzzyEgg/EGG_CRACK_3.uasset" 1100
"D:/Usefull Stuff I Use/Uni stuff/Third Year/CoLab5/Game/CoLab5-Pigeon-Game/EggRollMechanicTest/Content/IzzyEgg/EGG_CRACK_3.uexp" 1101
"D:/Usefull Stuff I Use/Uni stuff/Third Year/CoLab5/Game/CoLab5-Pigeon-Game/EggRollMechanicTest/Content/IzzyEgg/EGGBROKE4.ubulk" 1102
"D:/Usefull Stuff I Use/Uni stuff/Third Year/CoLab5/Game/CoLab5-Pigeon-Game/EggRollMechanicTest/Content/IzzyEgg/EGGBROKE4.uasset" 1103
"D:/Usefull Stuff I Use/Uni stuff/Third Year/CoLab5/Game/CoLab5-Pigeon-Game/EggRollMechanicTest/Content/IzzyEgg/EGGBROKE4.uexp" 1104
"D:/Usefull Stuff I Use/Uni stuff/Third Year/CoLab5/Game/CoLab5-Pigeon-Game/EggRollMechanicTest/Content/IzzyEgg/standardSurface1.uasset" 1105
"D:/Usefull Stuff I Use/Uni stuff/Third Year/CoLab5/Game/CoLab5-Pigeon-Game/EggRollMechanicTest/Content/IzzyEgg/standardSurface1.uexp" 1106
"D:/Usefull Stuff I Use/Uni stuff/Third Year/CoLab5/Game/CoLab5-Pigeon-Game/EggRollMechanicTest/Content/IzzyEgg/EGG1.ubulk" 1107
"D:/Usefull Stuff I Use/Uni stuff/Third Year/CoLab5/Game/CoLab5-Pigeon-Game/EggRollMechanicTest/Content/IzzyEgg/EGG1.uasset" 1108
"D:/Usefull Stuff I Use/Uni stuff/Third Year/CoLab5/Game/CoLab5-Pigeon-Game/EggRollMechanicTest/Content/IzzyEgg/EGG1.uexp" 1109
"D:/Usefull Stuff I Use/Uni stuff/Third Year/CoLab5/Game/CoLab5-Pigeon-Game/EggRollMechanicTest/Content/Materials/M_PathPreview.uasset" 1110
"D:/Usefull Stuff I Use/Uni stuff/Third Year/CoLab5/Game/CoLab5-Pigeon-Game/EggRollMechanicTest/Content/Materials/M_PathPreview.uexp" 1111
"D:/Usefull Stuff I Use/Uni stuff/Third Year/CoLab5/Game/CoLab5-Pigeon-Game/EggRollMechanicTest/Content/BP/BP_SpawnedEgg.uasset" 1112
"D:/Usefull Stuff I Use/Uni stuff/Third Year/CoLab5/Game/CoLab5-Pigeon-Game/EggRollMechanicTest/Content/BP/BP_SpawnedEgg.uexp" 1113
"D:/Usefull Stuff I Use/Uni stuff/Third Year/CoLab5/Game/CoLab5-Pigeon-Game/EggRollMechanicTest/Content/Egg/BP_EggPlayer.uasset" 1114
"D:/Usefull Stuff I Use/Uni stuff/Third Year/CoLab5/Game/CoLab5-Pigeon-Game/EggRollMechanicTest/Content/Egg/BP_EggPlayer.uexp" 1115
"D:/Usefull Stuff I Use/Uni stuff/Third Year/CoLab5/Game/CoLab5-Pigeon-Game/EggRollMechanicTest/Content/GameMode.uasset" 1116
"D:/Usefull Stuff I Use/Uni stuff/Third Year/CoLab5/Game/CoLab5-Pigeon-Game/EggRollMechanicTest/Content/GameMode.uexp" 1117
"D:/Usefull Stuff I Use/Uni stuff/Third Year/CoLab5/Game/CoLab5-Pigeon-Game/EggRollMechanicTest/Content/IzzyPigeon/PIGEON_LOW_PIGEON1_BaseColor_Utility_-_sRGB_-_Texture.ubulk" 1118
"D:/Usefull Stuff I Use/Uni stuff/Third Year/CoLab5/Game/CoLab5-Pigeon-Game/EggRollMechanicTest/Content/IzzyPigeon/PIGEON_LOW_PIGEON1_BaseColor_Utility_-_sRGB_-_Texture.uasset" 1119
"D:/Usefull Stuff I Use/Uni stuff/Third Year/CoLab5/Game/CoLab5-Pigeon-Game/EggRollMechanicTest/Content/IzzyPigeon/PIGEON_LOW_PIGEON1_BaseColor_Utility_-_sRGB_-_Texture.uexp" 1120
"D:/Usefull Stuff I Use/Uni stuff/Third Year/CoLab5/Game/CoLab5-Pigeon-Game/EggRollMechanicTest/Content/IzzyPigeon/PIGEON_LOW_PIGEON1_BaseColor_Utility_-_sRGB_-_Texture_Mat.uasset" 1121
"D:/Usefull Stuff I Use/Uni stuff/Third Year/CoLab5/Game/CoLab5-Pigeon-Game/EggRollMechanicTest/Content/IzzyPigeon/PIGEON_LOW_PIGEON1_BaseColor_Utility_-_sRGB_-_Texture_Mat.uexp" 1122
"D:/Usefull Stuff I Use/Uni stuff/Third Year/CoLab5/Game/CoLab5-Pigeon-Game/EggRollMechanicTest/Content/IzzyPigeon/Pigeon_Idle.ubulk" 1123
"D:/Usefull Stuff I Use/Uni stuff/Third Year/CoLab5/Game/CoLab5-Pigeon-Game/EggRollMechanicTest/Content/IzzyPigeon/Pigeon_Idle.uasset" 1124
"D:/Usefull Stuff I Use/Uni stuff/Third Year/CoLab5/Game/CoLab5-Pigeon-Game/EggRollMechanicTest/Content/IzzyPigeon/Pigeon_Idle.uexp" 1125
"D:/Usefull Stuff I Use/Uni stuff/Third Year/CoLab5/Game/CoLab5-Pigeon-Game/EggRollMechanicTest/Content/EdwardModels/SM_birdnest.ubulk" 1126
"D:/Usefull Stuff I Use/Uni stuff/Third Year/CoLab5/Game/CoLab5-Pigeon-Game/EggRollMechanicTest/Content/EdwardModels/SM_birdnest.uasset" 1127
"D:/Usefull Stuff I Use/Uni stuff/Third Year/CoLab5/Game/CoLab5-Pigeon-Game/EggRollMechanicTest/Content/EdwardModels/SM_birdnest.uexp" 1128
"D:/Usefull Stuff I Use/Uni stuff/Third Year/CoLab5/Game/CoLab5-Pigeon-Game/EggRollMechanicTest/Content/Egg/BP_Nest.uasset" 1129
"D:/Usefull Stuff I Use/Uni stuff/Third Year/CoLab5/Game/CoLab5-Pigeon-Game/EggRollMechanicTest/Content/Egg/BP_Nest.uexp" 1130
"../../../Engine/Content/BasicShapes/Cone.ubulk" 1131
"../../../Engine/Content/BasicShapes/Cone.uasset" 1132
"../../../Engine/Content/BasicShapes/Cone.uexp" 1133
"D:/Usefull Stuff I Use/Uni stuff/Third Year/CoLab5/Game/CoLab5-Pigeon-Game/EggRollMechanicTest/Content/Egg/BP_Hazard.uasset" 1134
"D:/Usefull Stuff I Use/Uni stuff/Third Year/CoLab5/Game/CoLab5-Pigeon-Game/EggRollMechanicTest/Content/Egg/BP_Hazard.uexp" 1135
"D:/Usefull Stuff I Use/Uni stuff/Third Year/CoLab5/Game/CoLab5-Pigeon-Game/EggRollMechanicTest/Content/Materials/PostProcessEffect/PostProcessMat.uasset" 1136
"D:/Usefull Stuff I Use/Uni stuff/Third Year/CoLab5/Game/CoLab5-Pigeon-Game/EggRollMechanicTest/Content/Materials/PostProcessEffect/PostProcessMat.uexp" 1137
"D:/Usefull Stuff I Use/Uni stuff/Third Year/CoLab5/Game/CoLab5-Pigeon-Game/EggRollMechanicTest/Content/Materials/PostProcessEffect/PostProcessMat_Inst.uasset" 1138
"D:/Usefull Stuff I Use/Uni stuff/Third Year/CoLab5/Game/CoLab5-Pigeon-Game/EggRollMechanicTest/Content/Materials/PostProcessEffect/PostProcessMat_Inst.uexp" 1139
"D:/Usefull Stuff I Use/Uni stuff/Third Year/CoLab5/Game/CoLab5-Pigeon-Game/EggRollMechanicTest/Content/EdwardModels/SM_Edge_Detail.ubulk" 1140
"D:/Usefull Stuff I Use/Uni stuff/Third Year/CoLab5/Game/CoLab5-Pigeon-Game/EggRollMechanicTest/Content/EdwardModels/SM_Edge_Detail.uasset" 1141
"D:/Usefull Stuff I Use/Uni stuff/Third Year/CoLab5/Game/CoLab5-Pigeon-Game/EggRollMechanicTest/Content/EdwardModels/SM_Edge_Detail.uexp" 1142
"D:/Usefull Stuff I Use/Uni stuff/Third Year/CoLab5/Game/CoLab5-Pigeon-Game/EggRollMechanicTest/Content/EdwardModels/SM_4_Layer.ubulk" 1143
"D:/Usefull Stuff I Use/Uni stuff/Third Year/CoLab5/Game/CoLab5-Pigeon-Game/EggRollMechanicTest/Content/EdwardModels/SM_4_Layer.uasset" 1144
"D:/Usefull Stuff I Use/Uni stuff/Third Year/CoLab5/Game/CoLab5-Pigeon-Game/EggRollMechanicTest/Content/EdwardModels/SM_4_Layer.uexp" 1145
"../../../Engine/Plugins/Interchange/Assets/Content/Functions/MF_PhongToMetalRoughness.uasset" 1146
"../../../Engine/Plugins/Interchange/Assets/Content/Functions/MF_PhongToMetalRoughness.uexp" 1147
"D:/Usefull Stuff I Use/Uni stuff/Third Year/CoLab5/Game/CoLab5-Pigeon-Game/EggRollMechanicTest/Content/EdwardModels/Clay_sand.uasset" 1148
"D:/Usefull Stuff I Use/Uni stuff/Third Year/CoLab5/Game/CoLab5-Pigeon-Game/EggRollMechanicTest/Content/EdwardModels/Clay_sand.uexp" 1149
"D:/Usefull Stuff I Use/Uni stuff/Third Year/CoLab5/Game/CoLab5-Pigeon-Game/EggRollMechanicTest/Content/EdwardModels/Clay_glass.uasset" 1150
"D:/Usefull Stuff I Use/Uni stuff/Third Year/CoLab5/Game/CoLab5-Pigeon-Game/EggRollMechanicTest/Content/EdwardModels/Clay_glass.uexp" 1151
"D:/Usefull Stuff I Use/Uni stuff/Third Year/CoLab5/Game/CoLab5-Pigeon-Game/EggRollMechanicTest/Content/EdwardModels/SM_1x1_65_Window.ubulk" 1152
"D:/Usefull Stuff I Use/Uni stuff/Third Year/CoLab5/Game/CoLab5-Pigeon-Game/EggRollMechanicTest/Content/EdwardModels/SM_1x1_65_Window.uasset" 1153
"D:/Usefull Stuff I Use/Uni stuff/Third Year/CoLab5/Game/CoLab5-Pigeon-Game/EggRollMechanicTest/Content/EdwardModels/SM_1x1_65_Window.uexp" 1154
"D:/Usefull Stuff I Use/Uni stuff/Third Year/CoLab5/Game/CoLab5-Pigeon-Game/EggRollMechanicTest/Content/EdwardModels/Normal_texture.ubulk" 1155
"D:/Usefull Stuff I Use/Uni stuff/Third Year/CoLab5/Game/CoLab5-Pigeon-Game/EggRollMechanicTest/Content/EdwardModels/Normal_texture.uasset" 1156
"D:/Usefull Stuff I Use/Uni stuff/Third Year/CoLab5/Game/CoLab5-Pigeon-Game/EggRollMechanicTest/Content/EdwardModels/Normal_texture.uexp" 1157
"D:/Usefull Stuff I Use/Uni stuff/Third Year/CoLab5/Game/CoLab5-Pigeon-Game/EggRollMechanicTest/Content/EdwardModels/M_Wall.uasset" 1158
"D:/Usefull Stuff I Use/Uni stuff/Third Year/CoLab5/Game/CoLab5-Pigeon-Game/EggRollMechanicTest/Content/EdwardModels/M_Wall.uexp" 1159
"D:/Usefull Stuff I Use/Uni stuff/Third Year/CoLab5/Game/CoLab5-Pigeon-Game/EggRollMechanicTest/Content/EdwardModels/M_Wall_Inst.uasset" 1160
"D:/Usefull Stuff I Use/Uni stuff/Third Year/CoLab5/Game/CoLab5-Pigeon-Game/EggRollMechanicTest/Content/EdwardModels/M_Wall_Inst.uexp" 1161
"D:/Usefull Stuff I Use/Uni stuff/Third Year/CoLab5/Game/CoLab5-Pigeon-Game/EggRollMechanicTest/Content/EdwardModels/SM_Brick_cluster.ubulk" 1162
"D:/Usefull Stuff I Use/Uni stuff/Third Year/CoLab5/Game/CoLab5-Pigeon-Game/EggRollMechanicTest/Content/EdwardModels/SM_Brick_cluster.uasset" 1163
"D:/Usefull Stuff I Use/Uni stuff/Third Year/CoLab5/Game/CoLab5-Pigeon-Game/EggRollMechanicTest/Content/EdwardModels/SM_Brick_cluster.uexp" 1164
"D:/Usefull Stuff I Use/Uni stuff/Third Year/CoLab5/Game/CoLab5-Pigeon-Game/EggRollMechanicTest/Content/EdwardModels/SM_bin_opened.ubulk" 1165
"D:/Usefull Stuff I Use/Uni stuff/Third Year/CoLab5/Game/CoLab5-Pigeon-Game/EggRollMechanicTest/Content/EdwardModels/SM_bin_opened.uasset" 1166
"D:/Usefull Stuff I Use/Uni stuff/Third Year/CoLab5/Game/CoLab5-Pigeon-Game/EggRollMechanicTest/Content/EdwardModels/SM_bin_opened.uexp" 1167
"D:/Usefull Stuff I Use/Uni stuff/Third Year/CoLab5/Game/CoLab5-Pigeon-Game/EggRollMechanicTest/Content/EdwardModels/SM_bin_closed.ubulk" 1168
"D:/Usefull Stuff I Use/Uni stuff/Third Year/CoLab5/Game/CoLab5-Pigeon-Game/EggRollMechanicTest/Content/EdwardModels/SM_bin_closed.uasset" 1169
"D:/Usefull Stuff I Use/Uni stuff/Third Year/CoLab5/Game/CoLab5-Pigeon-Game/EggRollMechanicTest/Content/EdwardModels/SM_bin_closed.uexp" 1170
"D:/Usefull Stuff I Use/Uni stuff/Third Year/CoLab5/Game/CoLab5-Pigeon-Game/EggRollMechanicTest/Content/EdwardModels/SM_Bin_bag.ubulk" 1171
"D:/Usefull Stuff I Use/Uni stuff/Third Year/CoLab5/Game/CoLab5-Pigeon-Game/EggRollMechanicTest/Content/EdwardModels/SM_Bin_bag.uasset" 1172
"D:/Usefull Stuff I Use/Uni stuff/Third Year/CoLab5/Game/CoLab5-Pigeon-Game/EggRollMechanicTest/Content/EdwardModels/SM_Bin_bag.uexp" 1173
"D:/Usefull Stuff I Use/Uni stuff/Third Year/CoLab5/Game/CoLab5-Pigeon-Game/EggRollMechanicTest/Content/EdwardModels/FanDecal.uasset" 1174
"D:/Usefull Stuff I Use/Uni stuff/Third Year/CoLab5/Game/CoLab5-Pigeon-Game/EggRollMechanicTest/Content/EdwardModels/FanDecal.uexp" 1175
"D:/Usefull Stuff I Use/Uni stuff/Third Year/CoLab5/Game/CoLab5-Pigeon-Game/EggRollMechanicTest/Content/EdwardModels/SM_ACunit.ubulk" 1176
"D:/Usefull Stuff I Use/Uni stuff/Third Year/CoLab5/Game/CoLab5-Pigeon-Game/EggRollMechanicTest/Content/EdwardModels/SM_ACunit.uasset" 1177
"D:/Usefull Stuff I Use/Uni stuff/Third Year/CoLab5/Game/CoLab5-Pigeon-Game/EggRollMechanicTest/Content/EdwardModels/SM_ACunit.uexp" 1178
"D:/Usefull Stuff I Use/Uni stuff/Third Year/CoLab5/Game/CoLab5-Pigeon-Game/EggRollMechanicTest/Content/EdwardModels/SM_2x3_Window.ubulk" 1179
"D:/Usefull Stuff I Use/Uni stuff/Third Year/CoLab5/Game/CoLab5-Pigeon-Game/EggRollMechanicTest/Content/EdwardModels/SM_2x3_Window.uasset" 1180
"D:/Usefull Stuff I Use/Uni stuff/Third Year/CoLab5/Game/CoLab5-Pigeon-Game/EggRollMechanicTest/Content/EdwardModels/SM_2x3_Window.uexp" 1181
"D:/Usefull Stuff I Use/Uni stuff/Third Year/CoLab5/Game/CoLab5-Pigeon-Game/EggRollMechanicTest/Content/EdwardModels/SM_1m_Pipe.ubulk" 1182
"D:/Usefull Stuff I Use/Uni stuff/Third Year/CoLab5/Game/CoLab5-Pigeon-Game/EggRollMechanicTest/Content/EdwardModels/SM_1m_Pipe.uasset" 1183
"D:/Usefull Stuff I Use/Uni stuff/Third Year/CoLab5/Game/CoLab5-Pigeon-Game/EggRollMechanicTest/Content/EdwardModels/SM_1m_Pipe.uexp" 1184
"D:/Usefull Stuff I Use/Uni stuff/Third Year/CoLab5/Game/CoLab5-Pigeon-Game/EggRollMechanicTest/Content/EdwardModels/SM_1m_Gutter.ubulk" 1185
"D:/Usefull Stuff I Use/Uni stuff/Third Year/CoLab5/Game/CoLab5-Pigeon-Game/EggRollMechanicTest/Content/EdwardModels/SM_1m_Gutter.uasset" 1186
"D:/Usefull Stuff I Use/Uni stuff/Third Year/CoLab5/Game/CoLab5-Pigeon-Game/EggRollMechanicTest/Content/EdwardModels/SM_1m_Gutter.uexp" 1187
"D:/Usefull Stuff I Use/Uni stuff/Third Year/CoLab5/Game/CoLab5-Pigeon-Game/EggRollMechanicTest/Content/EdwardModels/AC_details.uasset" 1188
"D:/Usefull Stuff I Use/Uni stuff/Third Year/CoLab5/Game/CoLab5-Pigeon-Game/EggRollMechanicTest/Content/EdwardModels/AC_details.uexp" 1189
"D:/Usefull Stuff I Use/Uni stuff/Third Year/CoLab5/Game/CoLab5-Pigeon-Game/EggRollMechanicTest/Content/EdwardModels/AC_details_Mat.uasset" 1190
"D:/Usefull Stuff I Use/Uni stuff/Third Year/CoLab5/Game/CoLab5-Pigeon-Game/EggRollMechanicTest/Content/EdwardModels/AC_details_Mat.uexp" 1191
"D:/Usefull Stuff I Use/Uni stuff/Third Year/CoLab5/Game/CoLab5-Pigeon-Game/EggRollMechanicTest/Content/EdwardModels/M_Wall_Inst1.uasset" 1192
"D:/Usefull Stuff I Use/Uni stuff/Third Year/CoLab5/Game/CoLab5-Pigeon-Game/EggRollMechanicTest/Content/EdwardModels/M_Wall_Inst1.uexp" 1193
"D:/Usefull Stuff I Use/Uni stuff/Third Year/CoLab5/Game/CoLab5-Pigeon-Game/EggRollMechanicTest/Content/BP/Draggables/BP_MRGutter.uasset" 1194
"D:/Usefull Stuff I Use/Uni stuff/Third Year/CoLab5/Game/CoLab5-Pigeon-Game/EggRollMechanicTest/Content/BP/Draggables/BP_MRGutter.uexp" 1195
"D:/Usefull Stuff I Use/Uni stuff/Third Year/CoLab5/Game/CoLab5-Pigeon-Game/EggRollMechanicTest/Content/EdwardModels/SM_1m_Gutterramp.ubulk" 1196
"D:/Usefull Stuff I Use/Uni stuff/Third Year/CoLab5/Game/CoLab5-Pigeon-Game/EggRollMechanicTest/Content/EdwardModels/SM_1m_Gutterramp.uasset" 1197
"D:/Usefull Stuff I Use/Uni stuff/Third Year/CoLab5/Game/CoLab5-Pigeon-Game/EggRollMechanicTest/Content/EdwardModels/SM_1m_Gutterramp.uexp" 1198
"D:/Usefull Stuff I Use/Uni stuff/Third Year/CoLab5/Game/CoLab5-Pigeon-Game/EggRollMechanicTest/Content/Levels/2_Level.uexp" 1199
"D:/Usefull Stuff I Use/Uni stuff/Third Year/CoLab5/Game/CoLab5-Pigeon-Game/EggRollMechanicTest/Content/Levels/2_Level.umap" 1200
"D:/Usefull Stuff I Use/Uni stuff/Third Year/CoLab5/Game/CoLab5-Pigeon-Game/EggRollMechanicTest/Content/BP/Draggables/BP_MRLedge1.uasset" 1201
"D:/Usefull Stuff I Use/Uni stuff/Third Year/CoLab5/Game/CoLab5-Pigeon-Game/EggRollMechanicTest/Content/BP/Draggables/BP_MRLedge1.uexp" 1202
"D:/Usefull Stuff I Use/Uni stuff/Third Year/CoLab5/Game/CoLab5-Pigeon-Game/EggRollMechanicTest/Content/EdwardModels/SM_1m_Aipe_Angled.ubulk" 1203
"D:/Usefull Stuff I Use/Uni stuff/Third Year/CoLab5/Game/CoLab5-Pigeon-Game/EggRollMechanicTest/Content/EdwardModels/SM_1m_Aipe_Angled.uasset" 1204
"D:/Usefull Stuff I Use/Uni stuff/Third Year/CoLab5/Game/CoLab5-Pigeon-Game/EggRollMechanicTest/Content/EdwardModels/SM_1m_Aipe_Angled.uexp" 1205
"D:/Usefull Stuff I Use/Uni stuff/Third Year/CoLab5/Game/CoLab5-Pigeon-Game/EggRollMechanicTest/Content/BP/Draggables/BP_MoveableObjectBase_Child1.uasset" 1206
"D:/Usefull Stuff I Use/Uni stuff/Third Year/CoLab5/Game/CoLab5-Pigeon-Game/EggRollMechanicTest/Content/BP/Draggables/BP_MoveableObjectBase_Child1.uexp" 1207
"D:/Usefull Stuff I Use/Uni stuff/Third Year/CoLab5/Game/CoLab5-Pigeon-Game/EggRollMechanicTest/Content/Levels/1_Level.uexp" 1208
"D:/Usefull Stuff I Use/Uni stuff/Third Year/CoLab5/Game/CoLab5-Pigeon-Game/EggRollMechanicTest/Content/Levels/1_Level.umap" 1209
"D:/Usefull Stuff I Use/Uni stuff/Third Year/CoLab5/Game/CoLab5-Pigeon-Game/EggRollMechanicTest/Content/Levels/0_Level.uexp" 1210
"D:/Usefull Stuff I Use/Uni stuff/Third Year/CoLab5/Game/CoLab5-Pigeon-Game/EggRollMechanicTest/Content/Levels/0_Level.umap" 1211
"D:/Usefull Stuff I Use/Uni stuff/Third Year/CoLab5/Game/CoLab5-Pigeon-Game/EggRollMechanicTest/Content/BP/Draggables/BP_MoveableObjectBase_Child.uasset" 1212
"D:/Usefull Stuff I Use/Uni stuff/Third Year/CoLab5/Game/CoLab5-Pigeon-Game/EggRollMechanicTest/Content/BP/Draggables/BP_MoveableObjectBase_Child.uexp" 1213
"D:/Usefull Stuff I Use/Uni stuff/Third Year/CoLab5/Game/CoLab5-Pigeon-Game/EggRollMechanicTest/Content/Levels/00_Level.uexp" 1214
"D:/Usefull Stuff I Use/Uni stuff/Third Year/CoLab5/Game/CoLab5-Pigeon-Game/EggRollMechanicTest/Content/Levels/00_Level.umap" 1215
